Категория *;Название *;Slug;H1;Title (SEO);Description (SEO);Толщина (мм);Ширина (мм);Состояние;Поверхность;Цена за кг (?) *;Срок поставки;Изображение
321;Лента нержавеющая 0.05x400 мм AISI 321 нагартованная BA;lenta-nerzhaveyuschaya-0-05x400-mm-aisi-321-nagartovannaya-ba;сам впишу;сам впишу;сам впишу;0.05;400;Высоконагартованная;BA;;В наличии;lenta-nerzhaveyuschaya-0-05x400-mm-aisi-321-nagartovannaya-ba.jpg
304;Лента нержавеющая 0.1x22 мм AISI 304 нагартованная 2B;lenta-nerzhaveyuschaya-0-1x22-mm-aisi-304-nagartovannaya-2b;сам впишу;сам впишу;сам впишу;0.1;22;Высоконагартованная;2B;;В наличии;lenta-nerzhaveyuschaya-0-1x22-mm-aisi-304-nagartovannaya-2b.jpg
321;Лента нержавеющая 0.1x28 мм AISI 321 мягкая 2B;lenta-nerzhaveyuschaya-0-1x28-mm-aisi-321-myagkaya-2b;сам впишу;сам впишу;сам впишу;0.1;28;Мягкая;2B;;В наличии;lenta-nerzhaveyuschaya-0-1x28-mm-aisi-321-myagkaya-2b.jpg
321;Лента нержавеющая 0.1x30 мм AISI 321 мягкая 2B;lenta-nerzhaveyuschaya-0-1x30-mm-aisi-321-myagkaya-2b;сам впишу;сам впишу;сам впишу;0.1;30;Мягкая;2B;;В наличии;lenta-nerzhaveyuschaya-0-1x30-mm-aisi-321-myagkaya-2b.jpg
321;Лента нержавеющая 0.1x35 мм AISI 321 мягкая 2B;lenta-nerzhaveyuschaya-0-1x35-mm-aisi-321-myagkaya-2b;сам впишу;сам впишу;сам впишу;0.1;35;Мягкая;2B;;В наличии;lenta-nerzhaveyuschaya-0-1x35-mm-aisi-321-myagkaya-2b.jpg
304;Лента нержавеющая 0.1x400 мм AISI 304 нагартованная 2B;lenta-nerzhaveyuschaya-0-1x400-mm-aisi-304-nagartovannaya-2b;сам впишу;сам впишу;сам впишу;0.1;400;Высоконагартованная;2B;;В наличии;lenta-nerzhaveyuschaya-0-1x400-mm-aisi-304-nagartovannaya-2b.jpg
321;Лента нержавеющая 0.1x400 мм AISI 321 мягкая 2B;lenta-nerzhaveyuschaya-0-1x400-mm-aisi-321-myagkaya-2b;сам впишу;сам впишу;сам впишу;0.1;400;Мягкая;2B;;В наличии;lenta-nerzhaveyuschaya-0-1x400-mm-aisi-321-myagkaya-2b.jpg
321;Лента нержавеющая 0.1x400 мм AISI 321 мягкая BA;lenta-nerzhaveyuschaya-0-1x400-mm-aisi-321-myagkaya-ba;сам впишу;сам впишу;сам впишу;0.1;400;Мягкая;BA;;В наличии;lenta-nerzhaveyuschaya-0-1x400-mm-aisi-321-myagkaya-ba.jpg
321;Лента нержавеющая 0.1x47 мм AISI 321 мягкая 2B;lenta-nerzhaveyuschaya-0-1x47-mm-aisi-321-myagkaya-2b;сам впишу;сам впишу;сам впишу;0.1;47;Мягкая;2B;;В наличии;lenta-nerzhaveyuschaya-0-1x47-mm-aisi-321-myagkaya-2b.jpg
304;Лента нержавеющая 0.1x79 мм AISI 304 нагартованная 2B;lenta-nerzhaveyuschaya-0-1x79-mm-aisi-304-nagartovannaya-2b;сам впишу;сам впишу;сам впишу;0.1;79;Высоконагартованная;2B;;В наличии;lenta-nerzhaveyuschaya-0-1x79-mm-aisi-304-nagartovannaya-2b.jpg
321;Лента нержавеющая 0.1x82 мм AISI 321 мягкая 2B;lenta-nerzhaveyuschaya-0-1x82-mm-aisi-321-myagkaya-2b;сам впишу;сам впишу;сам впишу;0.1;82;Мягкая;2B;;В наличии;lenta-nerzhaveyuschaya-0-1x82-mm-aisi-321-myagkaya-2b.jpg
304;Лента нержавеющая 0.1x96 мм AISI 304 нагартованная 2B;lenta-nerzhaveyuschaya-0-1x96-mm-aisi-304-nagartovannaya-2b;сам впишу;сам впишу;сам впишу;0.1;96;Высоконагартованная;2B;;В наличии;lenta-nerzhaveyuschaya-0-1x96-mm-aisi-304-nagartovannaya-2b.jpg
304;Лента нержавеющая 0.12x55 мм AISI 304 нагартованная 2B;lenta-nerzhaveyuschaya-0-12x55-mm-aisi-304-nagartovannaya-2b;сам впишу;сам впишу;сам впишу;0.12;55;Высоконагартованная;2B;;В наличии;lenta-nerzhaveyuschaya-0-12x55-mm-aisi-304-nagartovannaya-2b.jpg
321;Лента нержавеющая 0.15x16 мм AISI 321 мягкая 2B;lenta-nerzhaveyuschaya-0-15x16-mm-aisi-321-myagkaya-2b;сам впишу;сам впишу;сам впишу;0.15;16;Мягкая;2B;;В наличии;lenta-nerzhaveyuschaya-0-15x16-mm-aisi-321-myagkaya-2b.jpg
321;Лента нержавеющая 0.15x17 мм AISI 321 мягкая 2B;lenta-nerzhaveyuschaya-0-15x17-mm-aisi-321-myagkaya-2b;сам впишу;сам впишу;сам впишу;0.15;17;Мягкая;2B;;В наличии;lenta-nerzhaveyuschaya-0-15x17-mm-aisi-321-myagkaya-2b.jpg
321;Лента нержавеющая 0.15x38 мм AISI 321 мягкая 2B;lenta-nerzhaveyuschaya-0-15x38-mm-aisi-321-myagkaya-2b;сам впишу;сам впишу;сам впишу;0.15;38;Мягкая;2B;;В наличии;lenta-nerzhaveyuschaya-0-15x38-mm-aisi-321-myagkaya-2b.jpg
321;Лента нержавеющая 0.15x400 мм AISI 321 мягкая BA;lenta-nerzhaveyuschaya-0-15x400-mm-aisi-321-myagkaya-ba;сам впишу;сам впишу;сам впишу;0.15;400;Мягкая;BA;;В наличии;lenta-nerzhaveyuschaya-0-15x400-mm-aisi-321-myagkaya-ba.jpg
430;Лента нержавеющая 0.2x10 мм AISI 430 мягкая BA;lenta-nerzhaveyuschaya-0-2x10-mm-aisi-430-myagkaya-ba;сам впишу;сам впишу;сам впишу;0.2;10;Мягкая;BA;;В наличии;lenta-nerzhaveyuschaya-0-2x10-mm-aisi-430-myagkaya-ba.jpg
321;Лента нержавеющая 0.2x105 мм AISI 321 мягкая 2B;lenta-nerzhaveyuschaya-0-2x105-mm-aisi-321-myagkaya-2b;сам впишу;сам впишу;сам впишу;0.2;105;Мягкая;2B;;В наличии;lenta-nerzhaveyuschaya-0-2x105-mm-aisi-321-myagkaya-2b.jpg
304;Лента нержавеющая 0.2x126 мм AISI 304 мягкая 2B;lenta-nerzhaveyuschaya-0-2x126-mm-aisi-304-myagkaya-2b;сам впишу;сам впишу;сам впишу;0.2;126;Мягкая;2B;;В наличии;lenta-nerzhaveyuschaya-0-2x126-mm-aisi-304-myagkaya-2b.jpg
304;Лента нержавеющая 0.2x17 мм AISI 304 нагартованная 2B;lenta-nerzhaveyuschaya-0-2x17-mm-aisi-304-nagartovannaya-2b;сам впишу;сам впишу;сам впишу;0.2;17;Высоконагартованная;2B;;В наличии;lenta-nerzhaveyuschaya-0-2x17-mm-aisi-304-nagartovannaya-2b.jpg
304;Лента нержавеющая 0.2x175 мм AISI 304 мягкая 2B;lenta-nerzhaveyuschaya-0-2x175-mm-aisi-304-myagkaya-2b;сам впишу;сам впишу;сам впишу;0.2;175;Мягкая;2B;;В наличии;lenta-nerzhaveyuschaya-0-2x175-mm-aisi-304-myagkaya-2b.jpg
321;Лента нержавеющая 0.2x187 мм AISI 321 мягкая 2B;lenta-nerzhaveyuschaya-0-2x187-mm-aisi-321-myagkaya-2b;сам впишу;сам впишу;сам впишу;0.2;187;Мягкая;2B;;В наличии;lenta-nerzhaveyuschaya-0-2x187-mm-aisi-321-myagkaya-2b.jpg
304;Лента нержавеющая 0.2x20 мм AISI 304 нагартованная 2B;lenta-nerzhaveyuschaya-0-2x20-mm-aisi-304-nagartovannaya-2b;сам впишу;сам впишу;сам впишу;0.2;20;Высоконагартованная;2B;;В наличии;lenta-nerzhaveyuschaya-0-2x20-mm-aisi-304-nagartovannaya-2b.jpg
304;Лента нержавеющая 0.2x21 мм AISI 304 нагартованная 2B;lenta-nerzhaveyuschaya-0-2x21-mm-aisi-304-nagartovannaya-2b;сам впишу;сам впишу;сам впишу;0.2;21;Высоконагартованная;2B;;В наличии;lenta-nerzhaveyuschaya-0-2x21-mm-aisi-304-nagartovannaya-2b.jpg
301;Лента нержавеющая 0.2x27 мм AISI 301 нагартованная 2B;lenta-nerzhaveyuschaya-0-2x27-mm-aisi-301-nagartovannaya-2b;сам впишу;сам впишу;сам впишу;0.2;27;Высоконагартованная;2B;;В наличии;lenta-nerzhaveyuschaya-0-2x27-mm-aisi-301-nagartovannaya-2b.jpg
304;Лента нержавеющая 0.2x29.35 мм AISI 304 мягкая 2B;lenta-nerzhaveyuschaya-0-2x29-35-mm-aisi-304-myagkaya-2b;сам впишу;сам впишу;сам впишу;0.2;29.35;Мягкая;2B;;В наличии;lenta-nerzhaveyuschaya-0-2x29-35-mm-aisi-304-myagkaya-2b.jpg
304;Лента нержавеющая 0.2x36 мм AISI 304 нагартованная 2B;lenta-nerzhaveyuschaya-0-2x36-mm-aisi-304-nagartovannaya-2b;сам впишу;сам впишу;сам впишу;0.2;36;Высоконагартованная;2B;;В наличии;lenta-nerzhaveyuschaya-0-2x36-mm-aisi-304-nagartovannaya-2b.jpg
304;Лента нержавеющая 0.2x38 мм AISI 304 нагартованная 2B;lenta-nerzhaveyuschaya-0-2x38-mm-aisi-304-nagartovannaya-2b;сам впишу;сам впишу;сам впишу;0.2;38;Высоконагартованная;2B;;В наличии;lenta-nerzhaveyuschaya-0-2x38-mm-aisi-304-nagartovannaya-2b.jpg
321;Лента нержавеющая 0.2x38 мм AISI 321 мягкая 2B;lenta-nerzhaveyuschaya-0-2x38-mm-aisi-321-myagkaya-2b;сам впишу;сам впишу;сам впишу;0.2;38;Мягкая;2B;;В наличии;lenta-nerzhaveyuschaya-0-2x38-mm-aisi-321-myagkaya-2b.jpg
316L;Лента нержавеющая 0.2x4.6 мм AISI 316L нагартованная 2B;lenta-nerzhaveyuschaya-0-2x4-6-mm-aisi-316l-nagartovannaya-2b;сам впишу;сам впишу;сам впишу;0.2;4.6;Высоконагартованная;2B;;В наличии;lenta-nerzhaveyuschaya-0-2x4-6-mm-aisi-316l-nagartovannaya-2b.jpg
304;Лента нержавеющая 0.2x400 мм AISI 304 нагартованная 2B;lenta-nerzhaveyuschaya-0-2x400-mm-aisi-304-nagartovannaya-2b;сам впишу;сам впишу;сам впишу;0.2;400;Высоконагартованная;2B;;В наличии;lenta-nerzhaveyuschaya-0-2x400-mm-aisi-304-nagartovannaya-2b.jpg
304;Лента нержавеющая 0.2x400 мм AISI 304 мягкая 2B;lenta-nerzhaveyuschaya-0-2x400-mm-aisi-304-myagkaya-2b;сам впишу;сам впишу;сам впишу;0.2;400;Мягкая;2B;;В наличии;lenta-nerzhaveyuschaya-0-2x400-mm-aisi-304-myagkaya-2b.jpg
316L;Лента нержавеющая 0.2x400 мм AISI 316L мягкая BA;lenta-nerzhaveyuschaya-0-2x400-mm-aisi-316l-myagkaya-ba;сам впишу;сам впишу;сам впишу;0.2;400;Мягкая;BA;;В наличии;lenta-nerzhaveyuschaya-0-2x400-mm-aisi-316l-myagkaya-ba.jpg
321;Лента нержавеющая 0.2x400 мм AISI 321 мягкая BA;lenta-nerzhaveyuschaya-0-2x400-mm-aisi-321-myagkaya-ba;сам впишу;сам впишу;сам впишу;0.2;400;Мягкая;BA;;В наличии;lenta-nerzhaveyuschaya-0-2x400-mm-aisi-321-myagkaya-ba.jpg
321;Лента нержавеющая 0.2x45 мм AISI 321 мягкая 2B;lenta-nerzhaveyuschaya-0-2x45-mm-aisi-321-myagkaya-2b;сам впишу;сам впишу;сам впишу;0.2;45;Мягкая;2B;;В наличии;lenta-nerzhaveyuschaya-0-2x45-mm-aisi-321-myagkaya-2b.jpg
304;Лента нержавеющая 0.2x46 мм AISI 304 мягкая BA;lenta-nerzhaveyuschaya-0-2x46-mm-aisi-304-myagkaya-ba;сам впишу;сам впишу;сам впишу;0.2;46;Мягкая;BA;;В наличии;lenta-nerzhaveyuschaya-0-2x46-mm-aisi-304-myagkaya-ba.jpg
321;Лента нержавеющая 0.2x62 мм AISI 321 мягкая 2B;lenta-nerzhaveyuschaya-0-2x62-mm-aisi-321-myagkaya-2b;сам впишу;сам впишу;сам впишу;0.2;62;Мягкая;2B;;В наличии;lenta-nerzhaveyuschaya-0-2x62-mm-aisi-321-myagkaya-2b.jpg
321;Лента нержавеющая 0.2x76 мм AISI 321 мягкая 2B;lenta-nerzhaveyuschaya-0-2x76-mm-aisi-321-myagkaya-2b;сам впишу;сам впишу;сам впишу;0.2;76;Мягкая;2B;;В наличии;lenta-nerzhaveyuschaya-0-2x76-mm-aisi-321-myagkaya-2b.jpg
321;Лента нержавеющая 0.2x77 мм AISI 321 мягкая 2B;lenta-nerzhaveyuschaya-0-2x77-mm-aisi-321-myagkaya-2b;сам впишу;сам впишу;сам впишу;0.2;77;Мягкая;2B;;В наличии;lenta-nerzhaveyuschaya-0-2x77-mm-aisi-321-myagkaya-2b.jpg
304;Лента нержавеющая 0.2x8 мм AISI 304 нагартованная 2B;lenta-nerzhaveyuschaya-0-2x8-mm-aisi-304-nagartovannaya-2b;сам впишу;сам впишу;сам впишу;0.2;8;Высоконагартованная;2B;;В наличии;lenta-nerzhaveyuschaya-0-2x8-mm-aisi-304-nagartovannaya-2b.jpg
301;Лента нержавеющая 0.2x80 мм AISI 301 нагартованная 2B;lenta-nerzhaveyuschaya-0-2x80-mm-aisi-301-nagartovannaya-2b;сам впишу;сам впишу;сам впишу;0.2;80;Высоконагартованная;2B;;В наличии;lenta-nerzhaveyuschaya-0-2x80-mm-aisi-301-nagartovannaya-2b.jpg
304;Лента нержавеющая 0.2x81 мм AISI 304 нагартованная 2B;lenta-nerzhaveyuschaya-0-2x81-mm-aisi-304-nagartovannaya-2b;сам впишу;сам впишу;сам впишу;0.2;81;Высоконагартованная;2B;;В наличии;lenta-nerzhaveyuschaya-0-2x81-mm-aisi-304-nagartovannaya-2b.jpg
304;Лента нержавеющая 0.2x82 мм AISI 304 мягкая 2B;lenta-nerzhaveyuschaya-0-2x82-mm-aisi-304-myagkaya-2b;сам впишу;сам впишу;сам впишу;0.2;82;Мягкая;2B;;В наличии;lenta-nerzhaveyuschaya-0-2x82-mm-aisi-304-myagkaya-2b.jpg
321;Лента нержавеющая 0.2x84 мм AISI 321 мягкая 2B;lenta-nerzhaveyuschaya-0-2x84-mm-aisi-321-myagkaya-2b;сам впишу;сам впишу;сам впишу;0.2;84;Мягкая;2B;;В наличии;lenta-nerzhaveyuschaya-0-2x84-mm-aisi-321-myagkaya-2b.jpg
304;Лента нержавеющая 0.2x9 мм AISI 304 нагартованная 2B;lenta-nerzhaveyuschaya-0-2x9-mm-aisi-304-nagartovannaya-2b;сам впишу;сам впишу;сам впишу;0.2;9;Высоконагартованная;2B;;В наличии;lenta-nerzhaveyuschaya-0-2x9-mm-aisi-304-nagartovannaya-2b.jpg
304;Лента нержавеющая 0.2x97 мм AISI 304 нагартованная 2B;lenta-nerzhaveyuschaya-0-2x97-mm-aisi-304-nagartovannaya-2b;сам впишу;сам впишу;сам впишу;0.2;97;Высоконагартованная;2B;;В наличии;lenta-nerzhaveyuschaya-0-2x97-mm-aisi-304-nagartovannaya-2b.jpg
304;Лента нержавеющая 0.2x97 мм AISI 304 мягкая BA;lenta-nerzhaveyuschaya-0-2x97-mm-aisi-304-myagkaya-ba;сам впишу;сам впишу;сам впишу;0.2;97;Мягкая;BA;;В наличии;lenta-nerzhaveyuschaya-0-2x97-mm-aisi-304-myagkaya-ba.jpg
316L;Лента нержавеющая 0.2x97 мм AISI 316L мягкая BA;lenta-nerzhaveyuschaya-0-2x97-mm-aisi-316l-myagkaya-ba;сам впишу;сам впишу;сам впишу;0.2;97;Мягкая;BA;;В наличии;lenta-nerzhaveyuschaya-0-2x97-mm-aisi-316l-myagkaya-ba.jpg
321;Лента нержавеющая 0.25x127 мм AISI 321 мягкая 2B;lenta-nerzhaveyuschaya-0-25x127-mm-aisi-321-myagkaya-2b;сам впишу;сам впишу;сам впишу;0.25;127;Мягкая;2B;;В наличии;lenta-nerzhaveyuschaya-0-25x127-mm-aisi-321-myagkaya-2b.jpg
321;Лента нержавеющая 0.25x136 мм AISI 321 мягкая 2B;lenta-nerzhaveyuschaya-0-25x136-mm-aisi-321-myagkaya-2b;сам впишу;сам впишу;сам впишу;0.25;136;Мягкая;2B;;В наличии;lenta-nerzhaveyuschaya-0-25x136-mm-aisi-321-myagkaya-2b.jpg
321;Лента нержавеющая 0.25x157 мм AISI 321 мягкая 2B;lenta-nerzhaveyuschaya-0-25x157-mm-aisi-321-myagkaya-2b;сам впишу;сам впишу;сам впишу;0.25;157;Мягкая;2B;;В наличии;lenta-nerzhaveyuschaya-0-25x157-mm-aisi-321-myagkaya-2b.jpg
304;Лента нержавеющая 0.25x20 мм AISI 304 нагартованная 2B;lenta-nerzhaveyuschaya-0-25x20-mm-aisi-304-nagartovannaya-2b;сам впишу;сам впишу;сам впишу;0.25;20;Высоконагартованная;2B;;В наличии;lenta-nerzhaveyuschaya-0-25x20-mm-aisi-304-nagartovannaya-2b.jpg
321;Лента нержавеющая 0.25x25 мм AISI 321 мягкая 2B;lenta-nerzhaveyuschaya-0-25x25-mm-aisi-321-myagkaya-2b;сам впишу;сам впишу;сам впишу;0.25;25;Мягкая;2B;;В наличии;lenta-nerzhaveyuschaya-0-25x25-mm-aisi-321-myagkaya-2b.jpg
304;Лента нержавеющая 0.25x33 мм AISI 304 нагартованная 2B;lenta-nerzhaveyuschaya-0-25x33-mm-aisi-304-nagartovannaya-2b;сам впишу;сам впишу;сам впишу;0.25;33;Высоконагартованная;2B;;В наличии;lenta-nerzhaveyuschaya-0-25x33-mm-aisi-304-nagartovannaya-2b.jpg
304;Лента нержавеющая 0.25x34 мм AISI 304 нагартованная 2B;lenta-nerzhaveyuschaya-0-25x34-mm-aisi-304-nagartovannaya-2b;сам впишу;сам впишу;сам впишу;0.25;34;Высоконагартованная;2B;;В наличии;lenta-nerzhaveyuschaya-0-25x34-mm-aisi-304-nagartovannaya-2b.jpg
321;Лента нержавеющая 0.25x37 мм AISI 321 мягкая 2B;lenta-nerzhaveyuschaya-0-25x37-mm-aisi-321-myagkaya-2b;сам впишу;сам впишу;сам впишу;0.25;37;Мягкая;2B;;В наличии;lenta-nerzhaveyuschaya-0-25x37-mm-aisi-321-myagkaya-2b.jpg
321;Лента нержавеющая 0.25x38 мм AISI 321 мягкая 2B;lenta-nerzhaveyuschaya-0-25x38-mm-aisi-321-myagkaya-2b;сам впишу;сам впишу;сам впишу;0.25;38;Мягкая;2B;;В наличии;lenta-nerzhaveyuschaya-0-25x38-mm-aisi-321-myagkaya-2b.jpg
304;Лента нержавеющая 0.25x400 мм AISI 304 нагартованная 2B;lenta-nerzhaveyuschaya-0-25x400-mm-aisi-304-nagartovannaya-2b;сам впишу;сам впишу;сам впишу;0.25;400;Высоконагартованная;2B;;В наличии;lenta-nerzhaveyuschaya-0-25x400-mm-aisi-304-nagartovannaya-2b.jpg
321;Лента нержавеющая 0.25x400 мм AISI 321 мягкая 2B;lenta-nerzhaveyuschaya-0-25x400-mm-aisi-321-myagkaya-2b;сам впишу;сам впишу;сам впишу;0.25;400;Мягкая;2B;;В наличии;lenta-nerzhaveyuschaya-0-25x400-mm-aisi-321-myagkaya-2b.jpg
321;Лента нержавеющая 0.25x400 мм AISI 321 мягкая BA;lenta-nerzhaveyuschaya-0-25x400-mm-aisi-321-myagkaya-ba;сам впишу;сам впишу;сам впишу;0.25;400;Мягкая;BA;;В наличии;lenta-nerzhaveyuschaya-0-25x400-mm-aisi-321-myagkaya-ba.jpg
321;Лента нержавеющая 0.25x78 мм AISI 321 мягкая 2B;lenta-nerzhaveyuschaya-0-25x78-mm-aisi-321-myagkaya-2b;сам впишу;сам впишу;сам впишу;0.25;78;Мягкая;2B;;В наличии;lenta-nerzhaveyuschaya-0-25x78-mm-aisi-321-myagkaya-2b.jpg
304;Лента нержавеющая 0.27x10 мм AISI 304 нагартованная 2B;lenta-nerzhaveyuschaya-0-27x10-mm-aisi-304-nagartovannaya-2b;сам впишу;сам впишу;сам впишу;0.27;10;Высоконагартованная;2B;;В наличии;lenta-nerzhaveyuschaya-0-27x10-mm-aisi-304-nagartovannaya-2b.jpg
304;Лента нержавеющая 0.3x10 мм AISI 304 мягкая 2B;lenta-nerzhaveyuschaya-0-3x10-mm-aisi-304-myagkaya-2b;сам впишу;сам впишу;сам впишу;0.3;10;Мягкая;2B;;В наличии;lenta-nerzhaveyuschaya-0-3x10-mm-aisi-304-myagkaya-2b.jpg
316L;Лента нержавеющая 0.3x13 мм AISI 316L мягкая 2B;lenta-nerzhaveyuschaya-0-3x13-mm-aisi-316l-myagkaya-2b;сам впишу;сам впишу;сам впишу;0.3;13;Мягкая;2B;;В наличии;lenta-nerzhaveyuschaya-0-3x13-mm-aisi-316l-myagkaya-2b.jpg
321;Лента нержавеющая 0.3x17 мм AISI 321 мягкая 2B;lenta-nerzhaveyuschaya-0-3x17-mm-aisi-321-myagkaya-2b;сам впишу;сам впишу;сам впишу;0.3;17;Мягкая;2B;;В наличии;lenta-nerzhaveyuschaya-0-3x17-mm-aisi-321-myagkaya-2b.jpg
304;Лента нержавеющая 0.3x18 мм AISI 304 нагартованная 2B;lenta-nerzhaveyuschaya-0-3x18-mm-aisi-304-nagartovannaya-2b;сам впишу;сам впишу;сам впишу;0.3;18;Высоконагартованная;2B;;В наличии;lenta-nerzhaveyuschaya-0-3x18-mm-aisi-304-nagartovannaya-2b.jpg
304;Лента нержавеющая 0.3x18 мм AISI 304 мягкая 2B;lenta-nerzhaveyuschaya-0-3x18-mm-aisi-304-myagkaya-2b;сам впишу;сам впишу;сам впишу;0.3;18;Мягкая;2B;;В наличии;lenta-nerzhaveyuschaya-0-3x18-mm-aisi-304-myagkaya-2b.jpg
321;Лента нержавеющая 0.3x183 мм AISI 321 мягкая 2B;lenta-nerzhaveyuschaya-0-3x183-mm-aisi-321-myagkaya-2b;сам впишу;сам впишу;сам впишу;0.3;183;Мягкая;2B;;В наличии;lenta-nerzhaveyuschaya-0-3x183-mm-aisi-321-myagkaya-2b.jpg
301;Лента нержавеющая 0.3x2 мм AISI 301 нагартованная 2B;lenta-nerzhaveyuschaya-0-3x2-mm-aisi-301-nagartovannaya-2b;сам впишу;сам впишу;сам впишу;0.3;2;Высоконагартованная;2B;;В наличии;lenta-nerzhaveyuschaya-0-3x2-mm-aisi-301-nagartovannaya-2b.jpg
304;Лента нержавеющая 0.3x20 мм AISI 304 мягкая 2B;lenta-nerzhaveyuschaya-0-3x20-mm-aisi-304-myagkaya-2b;сам впишу;сам впишу;сам впишу;0.3;20;Мягкая;2B;;В наличии;lenta-nerzhaveyuschaya-0-3x20-mm-aisi-304-myagkaya-2b.jpg
430;Лента нержавеющая 0.3x20 мм AISI 430 нагартованная 2B;lenta-nerzhaveyuschaya-0-3x20-mm-aisi-430-nagartovannaya-2b;сам впишу;сам впишу;сам впишу;0.3;20;Высоконагартованная;2B;;В наличии;lenta-nerzhaveyuschaya-0-3x20-mm-aisi-430-nagartovannaya-2b.jpg
304;Лента нержавеющая 0.3x200 мм AISI 304 мягкая 2B;lenta-nerzhaveyuschaya-0-3x200-mm-aisi-304-myagkaya-2b;сам впишу;сам впишу;сам впишу;0.3;200;Мягкая;2B;;В наличии;lenta-nerzhaveyuschaya-0-3x200-mm-aisi-304-myagkaya-2b.jpg
321;Лента нержавеющая 0.3x229 мм AISI 321 мягкая 2B;lenta-nerzhaveyuschaya-0-3x229-mm-aisi-321-myagkaya-2b;сам впишу;сам впишу;сам впишу;0.3;229;Мягкая;2B;;В наличии;lenta-nerzhaveyuschaya-0-3x229-mm-aisi-321-myagkaya-2b.jpg
304;Лента нержавеющая 0.3x244 мм AISI 304 мягкая BA;lenta-nerzhaveyuschaya-0-3x244-mm-aisi-304-myagkaya-ba;сам впишу;сам впишу;сам впишу;0.3;244;Мягкая;BA;;В наличии;lenta-nerzhaveyuschaya-0-3x244-mm-aisi-304-myagkaya-ba.jpg
304;Лента нержавеющая 0.3x310 мм AISI 304 мягкая 2B;lenta-nerzhaveyuschaya-0-3x310-mm-aisi-304-myagkaya-2b;сам впишу;сам впишу;сам впишу;0.3;310;Мягкая;2B;;В наличии;lenta-nerzhaveyuschaya-0-3x310-mm-aisi-304-myagkaya-2b.jpg
316L;Лента нержавеющая 0.3x34 мм AISI 316L мягкая 2B;lenta-nerzhaveyuschaya-0-3x34-mm-aisi-316l-myagkaya-2b;сам впишу;сам впишу;сам впишу;0.3;34;Мягкая;2B;;В наличии;lenta-nerzhaveyuschaya-0-3x34-mm-aisi-316l-myagkaya-2b.jpg
304;Лента нержавеющая 0.3x40 мм AISI 304 нагартованная 2B;lenta-nerzhaveyuschaya-0-3x40-mm-aisi-304-nagartovannaya-2b;сам впишу;сам впишу;сам впишу;0.3;40;Высоконагартованная;2B;;В наличии;lenta-nerzhaveyuschaya-0-3x40-mm-aisi-304-nagartovannaya-2b.jpg
304;Лента нержавеющая 0.3x400 мм AISI 304 нагартованная BA;lenta-nerzhaveyuschaya-0-3x400-mm-aisi-304-nagartovannaya-ba;сам впишу;сам впишу;сам впишу;0.3;400;Высоконагартованная;BA;;В наличии;lenta-nerzhaveyuschaya-0-3x400-mm-aisi-304-nagartovannaya-ba.jpg
316L;Лента нержавеющая 0.3x400 мм AISI 316L мягкая 2B;lenta-nerzhaveyuschaya-0-3x400-mm-aisi-316l-myagkaya-2b;сам впишу;сам впишу;сам впишу;0.3;400;Мягкая;2B;;В наличии;lenta-nerzhaveyuschaya-0-3x400-mm-aisi-316l-myagkaya-2b.jpg
321;Лента нержавеющая 0.3x400 мм AISI 321 мягкая 2B;lenta-nerzhaveyuschaya-0-3x400-mm-aisi-321-myagkaya-2b;сам впишу;сам впишу;сам впишу;0.3;400;Мягкая;2B;;В наличии;lenta-nerzhaveyuschaya-0-3x400-mm-aisi-321-myagkaya-2b.jpg
321;Лента нержавеющая 0.3x400 мм AISI 321 мягкая BA;lenta-nerzhaveyuschaya-0-3x400-mm-aisi-321-myagkaya-ba;сам впишу;сам впишу;сам впишу;0.3;400;Мягкая;BA;;В наличии;lenta-nerzhaveyuschaya-0-3x400-mm-aisi-321-myagkaya-ba.jpg
304;Лента нержавеющая 0.3x48 мм AISI 304 нагартованная 2B;lenta-nerzhaveyuschaya-0-3x48-mm-aisi-304-nagartovannaya-2b;сам впишу;сам впишу;сам впишу;0.3;48;Высоконагартованная;2B;;В наличии;lenta-nerzhaveyuschaya-0-3x48-mm-aisi-304-nagartovannaya-2b.jpg
430;Лента нержавеющая 0.3x55 мм AISI 430 мягкая BA;lenta-nerzhaveyuschaya-0-3x55-mm-aisi-430-myagkaya-ba;сам впишу;сам впишу;сам впишу;0.3;55;Мягкая;BA;;В наличии;lenta-nerzhaveyuschaya-0-3x55-mm-aisi-430-myagkaya-ba.jpg
430;Лента нержавеющая 0.3x58 мм AISI 430 мягкая BA;lenta-nerzhaveyuschaya-0-3x58-mm-aisi-430-myagkaya-ba;сам впишу;сам впишу;сам впишу;0.3;58;Мягкая;BA;;В наличии;lenta-nerzhaveyuschaya-0-3x58-mm-aisi-430-myagkaya-ba.jpg
430;Лента нержавеющая 0.3x59 мм AISI 430 мягкая BA;lenta-nerzhaveyuschaya-0-3x59-mm-aisi-430-myagkaya-ba;сам впишу;сам впишу;сам впишу;0.3;59;Мягкая;BA;;В наличии;lenta-nerzhaveyuschaya-0-3x59-mm-aisi-430-myagkaya-ba.jpg
430;Лента нержавеющая 0.3x6 мм AISI 430 нагартованная 2B;lenta-nerzhaveyuschaya-0-3x6-mm-aisi-430-nagartovannaya-2b;сам впишу;сам впишу;сам впишу;0.3;6;Высоконагартованная;2B;;В наличии;lenta-nerzhaveyuschaya-0-3x6-mm-aisi-430-nagartovannaya-2b.jpg
304;Лента нержавеющая 0.3x82 мм AISI 304 нагартованная 2B;lenta-nerzhaveyuschaya-0-3x82-mm-aisi-304-nagartovannaya-2b;сам впишу;сам впишу;сам впишу;0.3;82;Высоконагартованная;2B;;В наличии;lenta-nerzhaveyuschaya-0-3x82-mm-aisi-304-nagartovannaya-2b.jpg
304;Лента нержавеющая 0.3x97 мм AISI 304 нагартованная 2B;lenta-nerzhaveyuschaya-0-3x97-mm-aisi-304-nagartovannaya-2b;сам впишу;сам впишу;сам впишу;0.3;97;Высоконагартованная;2B;;В наличии;lenta-nerzhaveyuschaya-0-3x97-mm-aisi-304-nagartovannaya-2b.jpg
304;Лента нержавеющая 0.3x98 мм AISI 304 нагартованная 2B;lenta-nerzhaveyuschaya-0-3x98-mm-aisi-304-nagartovannaya-2b;сам впишу;сам впишу;сам впишу;0.3;98;Высоконагартованная;2B;;В наличии;lenta-nerzhaveyuschaya-0-3x98-mm-aisi-304-nagartovannaya-2b.jpg
321;Лента нержавеющая 0.4x10 мм AISI 321 мягкая 2B;lenta-nerzhaveyuschaya-0-4x10-mm-aisi-321-myagkaya-2b;сам впишу;сам впишу;сам впишу;0.4;10;Мягкая;2B;;В наличии;lenta-nerzhaveyuschaya-0-4x10-mm-aisi-321-myagkaya-2b.jpg
304;Лента нержавеющая 0.4x120 мм AISI 304 мягкая 2B;lenta-nerzhaveyuschaya-0-4x120-mm-aisi-304-myagkaya-2b;сам впишу;сам впишу;сам впишу;0.4;120;Мягкая;2B;;В наличии;lenta-nerzhaveyuschaya-0-4x120-mm-aisi-304-myagkaya-2b.jpg
304;Лента нержавеющая 0.4x148 мм AISI 304 нагартованная 2B;lenta-nerzhaveyuschaya-0-4x148-mm-aisi-304-nagartovannaya-2b;сам впишу;сам впишу;сам впишу;0.4;148;Высоконагартованная;2B;;В наличии;lenta-nerzhaveyuschaya-0-4x148-mm-aisi-304-nagartovannaya-2b.jpg
321;Лента нержавеющая 0.4x16 мм AISI 321 мягкая 2B;lenta-nerzhaveyuschaya-0-4x16-mm-aisi-321-myagkaya-2b;сам впишу;сам впишу;сам впишу;0.4;16;Мягкая;2B;;В наличии;lenta-nerzhaveyuschaya-0-4x16-mm-aisi-321-myagkaya-2b.jpg
430;Лента нержавеющая 0.4x163 мм AISI 430 мягкая PE;lenta-nerzhaveyuschaya-0-4x163-mm-aisi-430-myagkaya-pe;сам впишу;сам впишу;сам впишу;0.4;163;Мягкая;PE;;В наличии;lenta-nerzhaveyuschaya-0-4x163-mm-aisi-430-myagkaya-pe.jpg
304;Лента нержавеющая 0.4x17 мм AISI 304 нагартованная 2B;lenta-nerzhaveyuschaya-0-4x17-mm-aisi-304-nagartovannaya-2b;сам впишу;сам впишу;сам впишу;0.4;17;Высоконагартованная;2B;;В наличии;lenta-nerzhaveyuschaya-0-4x17-mm-aisi-304-nagartovannaya-2b.jpg
439;Лента нержавеющая 0.4x173 мм AISI 439 мягкая BA;lenta-nerzhaveyuschaya-0-4x173-mm-aisi-439-myagkaya-ba;сам впишу;сам впишу;сам впишу;0.4;173;Мягкая;BA;;В наличии;lenta-nerzhaveyuschaya-0-4x173-mm-aisi-439-myagkaya-ba.jpg
201;Лента нержавеющая 0.4x18 мм AISI 201 нагартованная 2B;lenta-nerzhaveyuschaya-0-4x18-mm-aisi-201-nagartovannaya-2b;сам впишу;сам впишу;сам впишу;0.4;18;Высоконагартованная;2B;;В наличии;lenta-nerzhaveyuschaya-0-4x18-mm-aisi-201-nagartovannaya-2b.jpg
304;Лента нержавеющая 0.4x18 мм AISI 304 нагартованная 2B;lenta-nerzhaveyuschaya-0-4x18-mm-aisi-304-nagartovannaya-2b;сам впишу;сам впишу;сам впишу;0.4;18;Высоконагартованная;2B;;В наличии;lenta-nerzhaveyuschaya-0-4x18-mm-aisi-304-nagartovannaya-2b.jpg
304;Лента нержавеющая 0.4x20 мм AISI 304 мягкая 2B;lenta-nerzhaveyuschaya-0-4x20-mm-aisi-304-myagkaya-2b;сам впишу;сам впишу;сам впишу;0.4;20;Мягкая;2B;;В наличии;lenta-nerzhaveyuschaya-0-4x20-mm-aisi-304-myagkaya-2b.jpg
304;Лента нержавеющая 0.4x220 мм AISI 304 мягкая 2B;lenta-nerzhaveyuschaya-0-4x220-mm-aisi-304-myagkaya-2b;сам впишу;сам впишу;сам впишу;0.4;220;Мягкая;2B;;В наличии;lenta-nerzhaveyuschaya-0-4x220-mm-aisi-304-myagkaya-2b.jpg
430;Лента нержавеющая 0.4x230 мм AISI 430 мягкая BA;lenta-nerzhaveyuschaya-0-4x230-mm-aisi-430-myagkaya-ba;сам впишу;сам впишу;сам впишу;0.4;230;Мягкая;BA;;В наличии;lenta-nerzhaveyuschaya-0-4x230-mm-aisi-430-myagkaya-ba.jpg
304;Лента нержавеющая 0.4x350 мм AISI 304 мягкая 2B;lenta-nerzhaveyuschaya-0-4x350-mm-aisi-304-myagkaya-2b;сам впишу;сам впишу;сам впишу;0.4;350;Мягкая;2B;;В наличии;lenta-nerzhaveyuschaya-0-4x350-mm-aisi-304-myagkaya-2b.jpg
304;Лента нержавеющая 0.4x38 мм AISI 304 мягкая 2B;lenta-nerzhaveyuschaya-0-4x38-mm-aisi-304-myagkaya-2b;сам впишу;сам впишу;сам впишу;0.4;38;Мягкая;2B;;В наличии;lenta-nerzhaveyuschaya-0-4x38-mm-aisi-304-myagkaya-2b.jpg
304;Лента нержавеющая 0.4x400 мм AISI 304 нагартованная 2B;lenta-nerzhaveyuschaya-0-4x400-mm-aisi-304-nagartovannaya-2b;сам впишу;сам впишу;сам впишу;0.4;400;Высоконагартованная;2B;;В наличии;lenta-nerzhaveyuschaya-0-4x400-mm-aisi-304-nagartovannaya-2b.jpg
304;Лента нержавеющая 0.4x400 мм AISI 304 мягкая 2B;lenta-nerzhaveyuschaya-0-4x400-mm-aisi-304-myagkaya-2b;сам впишу;сам впишу;сам впишу;0.4;400;Мягкая;2B;;В наличии;lenta-nerzhaveyuschaya-0-4x400-mm-aisi-304-myagkaya-2b.jpg
321;Лента нержавеющая 0.4x400 мм AISI 321 мягкая 2B;lenta-nerzhaveyuschaya-0-4x400-mm-aisi-321-myagkaya-2b;сам впишу;сам впишу;сам впишу;0.4;400;Мягкая;2B;;В наличии;lenta-nerzhaveyuschaya-0-4x400-mm-aisi-321-myagkaya-2b.jpg
304;Лента нержавеющая 0.4x50 мм AISI 304 нагартованная 2B;lenta-nerzhaveyuschaya-0-4x50-mm-aisi-304-nagartovannaya-2b;сам впишу;сам впишу;сам впишу;0.4;50;Высоконагартованная;2B;;В наличии;lenta-nerzhaveyuschaya-0-4x50-mm-aisi-304-nagartovannaya-2b.jpg
304;Лента нержавеющая 0.4x55 мм AISI 304 нагартованная 2B;lenta-nerzhaveyuschaya-0-4x55-mm-aisi-304-nagartovannaya-2b;сам впишу;сам впишу;сам впишу;0.4;55;Высоконагартованная;2B;;В наличии;lenta-nerzhaveyuschaya-0-4x55-mm-aisi-304-nagartovannaya-2b.jpg
316L;Лента нержавеющая 0.4x6.4 мм AISI 316L мягкая 2B;lenta-nerzhaveyuschaya-0-4x6-4-mm-aisi-316l-myagkaya-2b;сам впишу;сам впишу;сам впишу;0.4;6.4;Мягкая;2B;;В наличии;lenta-nerzhaveyuschaya-0-4x6-4-mm-aisi-316l-myagkaya-2b.jpg
430;Лента нержавеющая 0.4x60 мм AISI 430 мягкая PE;lenta-nerzhaveyuschaya-0-4x60-mm-aisi-430-myagkaya-pe;сам впишу;сам впишу;сам впишу;0.4;60;Мягкая;PE;;В наличии;lenta-nerzhaveyuschaya-0-4x60-mm-aisi-430-myagkaya-pe.jpg
201;Лента нержавеющая 0.4x64 мм AISI 201 нагартованная 2B;lenta-nerzhaveyuschaya-0-4x64-mm-aisi-201-nagartovannaya-2b;сам впишу;сам впишу;сам впишу;0.4;64;Высоконагартованная;2B;;В наличии;lenta-nerzhaveyuschaya-0-4x64-mm-aisi-201-nagartovannaya-2b.jpg
304;Лента нержавеющая 0.4x65 мм AISI 304 мягкая 2B;lenta-nerzhaveyuschaya-0-4x65-mm-aisi-304-myagkaya-2b;сам впишу;сам впишу;сам впишу;0.4;65;Мягкая;2B;;В наличии;lenta-nerzhaveyuschaya-0-4x65-mm-aisi-304-myagkaya-2b.jpg
430;Лента нержавеющая 0.4x68 мм AISI 430 мягкая BA;lenta-nerzhaveyuschaya-0-4x68-mm-aisi-430-myagkaya-ba;сам впишу;сам впишу;сам впишу;0.4;68;Мягкая;BA;;В наличии;lenta-nerzhaveyuschaya-0-4x68-mm-aisi-430-myagkaya-ba.jpg
430;Лента нержавеющая 0.4x80 мм AISI 430 мягкая BA;lenta-nerzhaveyuschaya-0-4x80-mm-aisi-430-myagkaya-ba;сам впишу;сам впишу;сам впишу;0.4;80;Мягкая;BA;;В наличии;lenta-nerzhaveyuschaya-0-4x80-mm-aisi-430-myagkaya-ba.jpg
304;Лента нержавеющая 0.5x10 мм AISI 304 мягкая 2B;lenta-nerzhaveyuschaya-0-5x10-mm-aisi-304-myagkaya-2b;сам впишу;сам впишу;сам впишу;0.5;10;Мягкая;2B;;В наличии;lenta-nerzhaveyuschaya-0-5x10-mm-aisi-304-myagkaya-2b.jpg
321;Лента нержавеющая 0.5x10 мм AISI 321 мягкая 2B;lenta-nerzhaveyuschaya-0-5x10-mm-aisi-321-myagkaya-2b;сам впишу;сам впишу;сам впишу;0.5;10;Мягкая;2B;;В наличии;lenta-nerzhaveyuschaya-0-5x10-mm-aisi-321-myagkaya-2b.jpg
201;Лента нержавеющая 0.5x10.5 мм AISI 201 мягкая 2B;lenta-nerzhaveyuschaya-0-5x10-5-mm-aisi-201-myagkaya-2b;сам впишу;сам впишу;сам впишу;0.5;10.5;Мягкая;2B;;В наличии;lenta-nerzhaveyuschaya-0-5x10-5-mm-aisi-201-myagkaya-2b.jpg
316L;Лента нержавеющая 0.5x10.6 мм AISI 316L мягкая 2B;lenta-nerzhaveyuschaya-0-5x10-6-mm-aisi-316l-myagkaya-2b;сам впишу;сам впишу;сам впишу;0.5;10.6;Мягкая;2B;;В наличии;lenta-nerzhaveyuschaya-0-5x10-6-mm-aisi-316l-myagkaya-2b.jpg
201;Лента нержавеющая 0.5x107 мм AISI 201 мягкая PE;lenta-nerzhaveyuschaya-0-5x107-mm-aisi-201-myagkaya-pe;сам впишу;сам впишу;сам впишу;0.5;107;Мягкая;PE;;В наличии;lenta-nerzhaveyuschaya-0-5x107-mm-aisi-201-myagkaya-pe.jpg
201;Лента нержавеющая 0.5x110 мм AISI 201 мягкая PE;lenta-nerzhaveyuschaya-0-5x110-mm-aisi-201-myagkaya-pe;сам впишу;сам впишу;сам впишу;0.5;110;Мягкая;PE;;В наличии;lenta-nerzhaveyuschaya-0-5x110-mm-aisi-201-myagkaya-pe.jpg
201;Лента нержавеющая 0.5x12 мм AISI 201 мягкая 2B;lenta-nerzhaveyuschaya-0-5x12-mm-aisi-201-myagkaya-2b;сам впишу;сам впишу;сам впишу;0.5;12;Мягкая;2B;;В наличии;lenta-nerzhaveyuschaya-0-5x12-mm-aisi-201-myagkaya-2b.jpg
201;Лента нержавеющая 0.5x120 мм AISI 201 мягкая BA;lenta-nerzhaveyuschaya-0-5x120-mm-aisi-201-myagkaya-ba;сам впишу;сам впишу;сам впишу;0.5;120;Мягкая;BA;;В наличии;lenta-nerzhaveyuschaya-0-5x120-mm-aisi-201-myagkaya-ba.jpg
304;Лента нержавеющая 0.5x133 мм AISI 304 нагартованная 2B;lenta-nerzhaveyuschaya-0-5x133-mm-aisi-304-nagartovannaya-2b;сам впишу;сам впишу;сам впишу;0.5;133;Высоконагартованная;2B;;В наличии;lenta-nerzhaveyuschaya-0-5x133-mm-aisi-304-nagartovannaya-2b.jpg
316L;Лента нержавеющая 0.5x14 мм AISI 316L мягкая 2B;lenta-nerzhaveyuschaya-0-5x14-mm-aisi-316l-myagkaya-2b;сам впишу;сам впишу;сам впишу;0.5;14;Мягкая;2B;;В наличии;lenta-nerzhaveyuschaya-0-5x14-mm-aisi-316l-myagkaya-2b.jpg
316L;Лента нержавеющая 0.5x150 мм AISI 316L мягкая 2B;lenta-nerzhaveyuschaya-0-5x150-mm-aisi-316l-myagkaya-2b;сам впишу;сам впишу;сам впишу;0.5;150;Мягкая;2B;;В наличии;lenta-nerzhaveyuschaya-0-5x150-mm-aisi-316l-myagkaya-2b.jpg
201;Лента нержавеющая 0.5x160 мм AISI 201 мягкая 2B;lenta-nerzhaveyuschaya-0-5x160-mm-aisi-201-myagkaya-2b;сам впишу;сам впишу;сам впишу;0.5;160;Мягкая;2B;;В наличии;lenta-nerzhaveyuschaya-0-5x160-mm-aisi-201-myagkaya-2b.jpg
304;Лента нержавеющая 0.5x17 мм AISI 304 нагартованная 2B;lenta-nerzhaveyuschaya-0-5x17-mm-aisi-304-nagartovannaya-2b;сам впишу;сам впишу;сам впишу;0.5;17;Высоконагартованная;2B;;В наличии;lenta-nerzhaveyuschaya-0-5x17-mm-aisi-304-nagartovannaya-2b.jpg
304;Лента нержавеющая 0.5x170 мм AISI 304 мягкая 2B;lenta-nerzhaveyuschaya-0-5x170-mm-aisi-304-myagkaya-2b;сам впишу;сам впишу;сам впишу;0.5;170;Мягкая;2B;;В наличии;lenta-nerzhaveyuschaya-0-5x170-mm-aisi-304-myagkaya-2b.jpg
321;Лента нержавеющая 0.5x18 мм AISI 321 мягкая 2B;lenta-nerzhaveyuschaya-0-5x18-mm-aisi-321-myagkaya-2b;сам впишу;сам впишу;сам впишу;0.5;18;Мягкая;2B;;В наличии;lenta-nerzhaveyuschaya-0-5x18-mm-aisi-321-myagkaya-2b.jpg
304;Лента нержавеющая 0.5x180 мм AISI 304 мягкая 2B;lenta-nerzhaveyuschaya-0-5x180-mm-aisi-304-myagkaya-2b;сам впишу;сам впишу;сам впишу;0.5;180;Мягкая;2B;;В наличии;lenta-nerzhaveyuschaya-0-5x180-mm-aisi-304-myagkaya-2b.jpg
304;Лента нержавеющая 0.5x182 мм AISI 304 мягкая 2B;lenta-nerzhaveyuschaya-0-5x182-mm-aisi-304-myagkaya-2b;сам впишу;сам впишу;сам впишу;0.5;182;Мягкая;2B;;В наличии;lenta-nerzhaveyuschaya-0-5x182-mm-aisi-304-myagkaya-2b.jpg
304;Лента нержавеющая 0.5x19 мм AISI 304 мягкая 2B;lenta-nerzhaveyuschaya-0-5x19-mm-aisi-304-myagkaya-2b;сам впишу;сам впишу;сам впишу;0.5;19;Мягкая;2B;;В наличии;lenta-nerzhaveyuschaya-0-5x19-mm-aisi-304-myagkaya-2b.jpg
316L;Лента нержавеющая 0.5x19.1 мм AISI 316L мягкая 2B;lenta-nerzhaveyuschaya-0-5x19-1-mm-aisi-316l-myagkaya-2b;сам впишу;сам впишу;сам впишу;0.5;19.1;Мягкая;2B;;В наличии;lenta-nerzhaveyuschaya-0-5x19-1-mm-aisi-316l-myagkaya-2b.jpg
201;Лента нержавеющая 0.5x190 мм AISI 201 мягкая 2B;lenta-nerzhaveyuschaya-0-5x190-mm-aisi-201-myagkaya-2b;сам впишу;сам впишу;сам впишу;0.5;190;Мягкая;2B;;В наличии;lenta-nerzhaveyuschaya-0-5x190-mm-aisi-201-myagkaya-2b.jpg
304;Лента нержавеющая 0.5x190 мм AISI 304 мягкая PE;lenta-nerzhaveyuschaya-0-5x190-mm-aisi-304-myagkaya-pe;сам впишу;сам впишу;сам впишу;0.5;190;Мягкая;PE;;В наличии;lenta-nerzhaveyuschaya-0-5x190-mm-aisi-304-myagkaya-pe.jpg
321;Лента нержавеющая 0.5x190 мм AISI 321 мягкая 2B;lenta-nerzhaveyuschaya-0-5x190-mm-aisi-321-myagkaya-2b;сам впишу;сам впишу;сам впишу;0.5;190;Мягкая;2B;;В наличии;lenta-nerzhaveyuschaya-0-5x190-mm-aisi-321-myagkaya-2b.jpg
321;Лента нержавеющая 0.5x195 мм AISI 321 мягкая 2B;lenta-nerzhaveyuschaya-0-5x195-mm-aisi-321-myagkaya-2b;сам впишу;сам впишу;сам впишу;0.5;195;Мягкая;2B;;В наличии;lenta-nerzhaveyuschaya-0-5x195-mm-aisi-321-myagkaya-2b.jpg
439;Лента нержавеющая 0.5x196 мм AISI 439 мягкая 2B;lenta-nerzhaveyuschaya-0-5x196-mm-aisi-439-myagkaya-2b;сам впишу;сам впишу;сам впишу;0.5;196;Мягкая;2B;;В наличии;lenta-nerzhaveyuschaya-0-5x196-mm-aisi-439-myagkaya-2b.jpg
201;Лента нержавеющая 0.5x198 мм AISI 201 нагартованная 2B;lenta-nerzhaveyuschaya-0-5x198-mm-aisi-201-nagartovannaya-2b;сам впишу;сам впишу;сам впишу;0.5;198;Высоконагартованная;2B;;В наличии;lenta-nerzhaveyuschaya-0-5x198-mm-aisi-201-nagartovannaya-2b.jpg
304;Лента нержавеющая 0.5x199 мм AISI 304 мягкая 2B;lenta-nerzhaveyuschaya-0-5x199-mm-aisi-304-myagkaya-2b;сам впишу;сам впишу;сам впишу;0.5;199;Мягкая;2B;;В наличии;lenta-nerzhaveyuschaya-0-5x199-mm-aisi-304-myagkaya-2b.jpg
201;Лента нержавеющая 0.5x20 мм AISI 201 мягкая 2B;lenta-nerzhaveyuschaya-0-5x20-mm-aisi-201-myagkaya-2b;сам впишу;сам впишу;сам впишу;0.5;20;Мягкая;2B;;В наличии;lenta-nerzhaveyuschaya-0-5x20-mm-aisi-201-myagkaya-2b.jpg
304;Лента нержавеющая 0.5x20 мм AISI 304 мягкая 2B;lenta-nerzhaveyuschaya-0-5x20-mm-aisi-304-myagkaya-2b;сам впишу;сам впишу;сам впишу;0.5;20;Мягкая;2B;;В наличии;lenta-nerzhaveyuschaya-0-5x20-mm-aisi-304-myagkaya-2b.jpg
316L;Лента нержавеющая 0.5x20 мм AISI 316L мягкая 2B;lenta-nerzhaveyuschaya-0-5x20-mm-aisi-316l-myagkaya-2b;сам впишу;сам впишу;сам впишу;0.5;20;Мягкая;2B;;В наличии;lenta-nerzhaveyuschaya-0-5x20-mm-aisi-316l-myagkaya-2b.jpg
321;Лента нержавеющая 0.5x20 мм AISI 321 мягкая 2B;lenta-nerzhaveyuschaya-0-5x20-mm-aisi-321-myagkaya-2b;сам впишу;сам впишу;сам впишу;0.5;20;Мягкая;2B;;В наличии;lenta-nerzhaveyuschaya-0-5x20-mm-aisi-321-myagkaya-2b.jpg
316L;Лента нержавеющая 0.5x200 мм AISI 316L мягкая 2B;lenta-nerzhaveyuschaya-0-5x200-mm-aisi-316l-myagkaya-2b;сам впишу;сам впишу;сам впишу;0.5;200;Мягкая;2B;;В наличии;lenta-nerzhaveyuschaya-0-5x200-mm-aisi-316l-myagkaya-2b.jpg
304;Лента нержавеющая 0.5x23 мм AISI 304 нагартованная 2B;lenta-nerzhaveyuschaya-0-5x23-mm-aisi-304-nagartovannaya-2b;сам впишу;сам впишу;сам впишу;0.5;23;Высоконагартованная;2B;;В наличии;lenta-nerzhaveyuschaya-0-5x23-mm-aisi-304-nagartovannaya-2b.jpg
321;Лента нержавеющая 0.5x23 мм AISI 321 мягкая 2B;lenta-nerzhaveyuschaya-0-5x23-mm-aisi-321-myagkaya-2b;сам впишу;сам впишу;сам впишу;0.5;23;Мягкая;2B;;В наличии;lenta-nerzhaveyuschaya-0-5x23-mm-aisi-321-myagkaya-2b.jpg
201;Лента нержавеющая 0.5x230 мм AISI 201 мягкая 2B;lenta-nerzhaveyuschaya-0-5x230-mm-aisi-201-myagkaya-2b;сам впишу;сам впишу;сам впишу;0.5;230;Мягкая;2B;;В наличии;lenta-nerzhaveyuschaya-0-5x230-mm-aisi-201-myagkaya-2b.jpg
430;Лента нержавеющая 0.5x230 мм AISI 430 мягкая BA;lenta-nerzhaveyuschaya-0-5x230-mm-aisi-430-myagkaya-ba;сам впишу;сам впишу;сам впишу;0.5;230;Мягкая;BA;;В наличии;lenta-nerzhaveyuschaya-0-5x230-mm-aisi-430-myagkaya-ba.jpg
201;Лента нержавеющая 0.5x238 мм AISI 201 мягкая 2B;lenta-nerzhaveyuschaya-0-5x238-mm-aisi-201-myagkaya-2b;сам впишу;сам впишу;сам впишу;0.5;238;Мягкая;2B;;В наличии;lenta-nerzhaveyuschaya-0-5x238-mm-aisi-201-myagkaya-2b.jpg
304;Лента нержавеющая 0.5x29.7 мм AISI 304 мягкая 2B;lenta-nerzhaveyuschaya-0-5x29-7-mm-aisi-304-myagkaya-2b;сам впишу;сам впишу;сам впишу;0.5;29.7;Мягкая;2B;;В наличии;lenta-nerzhaveyuschaya-0-5x29-7-mm-aisi-304-myagkaya-2b.jpg
201;Лента нержавеющая 0.5x300 мм AISI 201 нагартованная 2B;lenta-nerzhaveyuschaya-0-5x300-mm-aisi-201-nagartovannaya-2b;сам впишу;сам впишу;сам впишу;0.5;300;Высоконагартованная;2B;;В наличии;lenta-nerzhaveyuschaya-0-5x300-mm-aisi-201-nagartovannaya-2b.jpg
321;Лента нержавеющая 0.5x300 мм AISI 321 мягкая 2B;lenta-nerzhaveyuschaya-0-5x300-mm-aisi-321-myagkaya-2b;сам впишу;сам впишу;сам впишу;0.5;300;Мягкая;2B;;В наличии;lenta-nerzhaveyuschaya-0-5x300-mm-aisi-321-myagkaya-2b.jpg
301;Лента нержавеющая 0.5x4.8 мм AISI 301 нагартованная 2B;lenta-nerzhaveyuschaya-0-5x4-8-mm-aisi-301-nagartovannaya-2b;сам впишу;сам впишу;сам впишу;0.5;4.8;Высоконагартованная;2B;;В наличии;lenta-nerzhaveyuschaya-0-5x4-8-mm-aisi-301-nagartovannaya-2b.jpg
201;Лента нержавеющая 0.5x40 мм AISI 201 мягкая 2B;lenta-nerzhaveyuschaya-0-5x40-mm-aisi-201-myagkaya-2b;сам впишу;сам впишу;сам впишу;0.5;40;Мягкая;2B;;В наличии;lenta-nerzhaveyuschaya-0-5x40-mm-aisi-201-myagkaya-2b.jpg
304;Лента нержавеющая 0.5x400 мм AISI 304 нагартованная 2B;lenta-nerzhaveyuschaya-0-5x400-mm-aisi-304-nagartovannaya-2b;сам впишу;сам впишу;сам впишу;0.5;400;Высоконагартованная;2B;;В наличии;lenta-nerzhaveyuschaya-0-5x400-mm-aisi-304-nagartovannaya-2b.jpg
304;Лента нержавеющая 0.5x400 мм AISI 304 мягкая 2B;lenta-nerzhaveyuschaya-0-5x400-mm-aisi-304-myagkaya-2b;сам впишу;сам впишу;сам впишу;0.5;400;Мягкая;2B;;В наличии;lenta-nerzhaveyuschaya-0-5x400-mm-aisi-304-myagkaya-2b.jpg
321;Лента нержавеющая 0.5x400 мм AISI 321 мягкая 2B;lenta-nerzhaveyuschaya-0-5x400-mm-aisi-321-myagkaya-2b;сам впишу;сам впишу;сам впишу;0.5;400;Мягкая;2B;;В наличии;lenta-nerzhaveyuschaya-0-5x400-mm-aisi-321-myagkaya-2b.jpg
304;Лента нержавеющая 0.5x41 мм AISI 304 мягкая 2B;lenta-nerzhaveyuschaya-0-5x41-mm-aisi-304-myagkaya-2b;сам впишу;сам впишу;сам впишу;0.5;41;Мягкая;2B;;В наличии;lenta-nerzhaveyuschaya-0-5x41-mm-aisi-304-myagkaya-2b.jpg
430;Лента нержавеющая 0.5x46 мм AISI 430 мягкая 2B;lenta-nerzhaveyuschaya-0-5x46-mm-aisi-430-myagkaya-2b;сам впишу;сам впишу;сам впишу;0.5;46;Мягкая;2B;;В наличии;lenta-nerzhaveyuschaya-0-5x46-mm-aisi-430-myagkaya-2b.jpg
316L;Лента нержавеющая 0.5x47 мм AISI 316L мягкая 2B;lenta-nerzhaveyuschaya-0-5x47-mm-aisi-316l-myagkaya-2b;сам впишу;сам впишу;сам впишу;0.5;47;Мягкая;2B;;В наличии;lenta-nerzhaveyuschaya-0-5x47-mm-aisi-316l-myagkaya-2b.jpg
321;Лента нержавеющая 0.5x49.6 мм AISI 321 мягкая 2B;lenta-nerzhaveyuschaya-0-5x49-6-mm-aisi-321-myagkaya-2b;сам впишу;сам впишу;сам впишу;0.5;49.6;Мягкая;2B;;В наличии;lenta-nerzhaveyuschaya-0-5x49-6-mm-aisi-321-myagkaya-2b.jpg
201;Лента нержавеющая 0.5x50 мм AISI 201 мягкая PE;lenta-nerzhaveyuschaya-0-5x50-mm-aisi-201-myagkaya-pe;сам впишу;сам впишу;сам впишу;0.5;50;Мягкая;PE;;В наличии;lenta-nerzhaveyuschaya-0-5x50-mm-aisi-201-myagkaya-pe.jpg
304;Лента нержавеющая 0.5x50 мм AISI 304 нагартованная 2B;lenta-nerzhaveyuschaya-0-5x50-mm-aisi-304-nagartovannaya-2b;сам впишу;сам впишу;сам впишу;0.5;50;Высоконагартованная;2B;;В наличии;lenta-nerzhaveyuschaya-0-5x50-mm-aisi-304-nagartovannaya-2b.jpg
304;Лента нержавеющая 0.5x50 мм AISI 304 мягкая PE;lenta-nerzhaveyuschaya-0-5x50-mm-aisi-304-myagkaya-pe;сам впишу;сам впишу;сам впишу;0.5;50;Мягкая;PE;;В наличии;lenta-nerzhaveyuschaya-0-5x50-mm-aisi-304-myagkaya-pe.jpg
430;Лента нержавеющая 0.5x56 мм AISI 430 мягкая 2B;lenta-nerzhaveyuschaya-0-5x56-mm-aisi-430-myagkaya-2b;сам впишу;сам впишу;сам впишу;0.5;56;Мягкая;2B;;В наличии;lenta-nerzhaveyuschaya-0-5x56-mm-aisi-430-myagkaya-2b.jpg
321;Лента нержавеющая 0.5x58 мм AISI 321 мягкая 2B;lenta-nerzhaveyuschaya-0-5x58-mm-aisi-321-myagkaya-2b;сам впишу;сам впишу;сам впишу;0.5;58;Мягкая;2B;;В наличии;lenta-nerzhaveyuschaya-0-5x58-mm-aisi-321-myagkaya-2b.jpg
321;Лента нержавеющая 0.5x600 мм AISI 321 мягкая 2B;lenta-nerzhaveyuschaya-0-5x600-mm-aisi-321-myagkaya-2b;сам впишу;сам впишу;сам впишу;0.5;600;Мягкая;2B;;В наличии;lenta-nerzhaveyuschaya-0-5x600-mm-aisi-321-myagkaya-2b.jpg
430;Лента нержавеющая 0.5x70 мм AISI 430 мягкая 2B;lenta-nerzhaveyuschaya-0-5x70-mm-aisi-430-myagkaya-2b;сам впишу;сам впишу;сам впишу;0.5;70;Мягкая;2B;;В наличии;lenta-nerzhaveyuschaya-0-5x70-mm-aisi-430-myagkaya-2b.jpg
304;Лента нержавеющая 0.6x13 мм AISI 304 мягкая 2B;lenta-nerzhaveyuschaya-0-6x13-mm-aisi-304-myagkaya-2b;сам впишу;сам впишу;сам впишу;0.6;13;Мягкая;2B;;В наличии;lenta-nerzhaveyuschaya-0-6x13-mm-aisi-304-myagkaya-2b.jpg
430;Лента нержавеющая 0.6x170 мм AISI 430 мягкая 2B;lenta-nerzhaveyuschaya-0-6x170-mm-aisi-430-myagkaya-2b;сам впишу;сам впишу;сам впишу;0.6;170;Мягкая;2B;;В наличии;lenta-nerzhaveyuschaya-0-6x170-mm-aisi-430-myagkaya-2b.jpg
304;Лента нержавеющая 0.6x200 мм AISI 304 нагартованная 2B;lenta-nerzhaveyuschaya-0-6x200-mm-aisi-304-nagartovannaya-2b;сам впишу;сам впишу;сам впишу;0.6;200;Высоконагартованная;2B;;В наличии;lenta-nerzhaveyuschaya-0-6x200-mm-aisi-304-nagartovannaya-2b.jpg
304;Лента нержавеющая 0.6x230 мм AISI 304 мягкая 2B;lenta-nerzhaveyuschaya-0-6x230-mm-aisi-304-myagkaya-2b;сам впишу;сам впишу;сам впишу;0.6;230;Мягкая;2B;;В наличии;lenta-nerzhaveyuschaya-0-6x230-mm-aisi-304-myagkaya-2b.jpg
316L;Лента нержавеющая 0.6x236 мм AISI 316L мягкая 2B;lenta-nerzhaveyuschaya-0-6x236-mm-aisi-316l-myagkaya-2b;сам впишу;сам впишу;сам впишу;0.6;236;Мягкая;2B;;В наличии;lenta-nerzhaveyuschaya-0-6x236-mm-aisi-316l-myagkaya-2b.jpg
304;Лента нержавеющая 0.6x266 мм AISI 304 мягкая 2B;lenta-nerzhaveyuschaya-0-6x266-mm-aisi-304-myagkaya-2b;сам впишу;сам впишу;сам впишу;0.6;266;Мягкая;2B;;В наличии;lenta-nerzhaveyuschaya-0-6x266-mm-aisi-304-myagkaya-2b.jpg
430;Лента нержавеющая 0.6x33 мм AISI 430 мягкая BA;lenta-nerzhaveyuschaya-0-6x33-mm-aisi-430-myagkaya-ba;сам впишу;сам впишу;сам впишу;0.6;33;Мягкая;BA;;В наличии;lenta-nerzhaveyuschaya-0-6x33-mm-aisi-430-myagkaya-ba.jpg
304;Лента нержавеющая 0.6x355 мм AISI 304 мягкая 2B;lenta-nerzhaveyuschaya-0-6x355-mm-aisi-304-myagkaya-2b;сам впишу;сам впишу;сам впишу;0.6;355;Мягкая;2B;;В наличии;lenta-nerzhaveyuschaya-0-6x355-mm-aisi-304-myagkaya-2b.jpg
304;Лента нержавеющая 0.6x610 мм AISI 304 мягкая 2B;lenta-nerzhaveyuschaya-0-6x610-mm-aisi-304-myagkaya-2b;сам впишу;сам впишу;сам впишу;0.6;610;Мягкая;2B;;В наличии;lenta-nerzhaveyuschaya-0-6x610-mm-aisi-304-myagkaya-2b.jpg
304;Лента нержавеющая 0.6x90 мм AISI 304 мягкая 2B;lenta-nerzhaveyuschaya-0-6x90-mm-aisi-304-myagkaya-2b;сам впишу;сам впишу;сам впишу;0.6;90;Мягкая;2B;;В наличии;lenta-nerzhaveyuschaya-0-6x90-mm-aisi-304-myagkaya-2b.jpg
304;Лента нержавеющая 0.65x100 мм AISI 304 мягкая 2B;lenta-nerzhaveyuschaya-0-65x100-mm-aisi-304-myagkaya-2b;сам впишу;сам впишу;сам впишу;0.65;100;Мягкая;2B;;В наличии;lenta-nerzhaveyuschaya-0-65x100-mm-aisi-304-myagkaya-2b.jpg
304;Лента нержавеющая 0.7x100 мм AISI 304 мягкая 2B;lenta-nerzhaveyuschaya-0-7x100-mm-aisi-304-myagkaya-2b;сам впишу;сам впишу;сам впишу;0.7;100;Мягкая;2B;;В наличии;lenta-nerzhaveyuschaya-0-7x100-mm-aisi-304-myagkaya-2b.jpg
201;Лента нержавеющая 0.7x11 мм AISI 201 мягкая 2B;lenta-nerzhaveyuschaya-0-7x11-mm-aisi-201-myagkaya-2b;сам впишу;сам впишу;сам впишу;0.7;11;Мягкая;2B;;В наличии;lenta-nerzhaveyuschaya-0-7x11-mm-aisi-201-myagkaya-2b.jpg
304;Лента нержавеющая 0.7x12.7 мм AISI 304 мягкая 2B;lenta-nerzhaveyuschaya-0-7x12-7-mm-aisi-304-myagkaya-2b;сам впишу;сам впишу;сам впишу;0.7;12.7;Мягкая;2B;;В наличии;lenta-nerzhaveyuschaya-0-7x12-7-mm-aisi-304-myagkaya-2b.jpg
304;Лента нержавеющая 0.7x13 мм AISI 304 мягкая 2B;lenta-nerzhaveyuschaya-0-7x13-mm-aisi-304-myagkaya-2b;сам впишу;сам впишу;сам впишу;0.7;13;Мягкая;2B;;В наличии;lenta-nerzhaveyuschaya-0-7x13-mm-aisi-304-myagkaya-2b.jpg
316L;Лента нержавеющая 0.7x13 мм AISI 316L мягкая 2B;lenta-nerzhaveyuschaya-0-7x13-mm-aisi-316l-myagkaya-2b;сам впишу;сам впишу;сам впишу;0.7;13;Мягкая;2B;;В наличии;lenta-nerzhaveyuschaya-0-7x13-mm-aisi-316l-myagkaya-2b.jpg
201;Лента нержавеющая 0.7x130 мм AISI 201 мягкая PE;lenta-nerzhaveyuschaya-0-7x130-mm-aisi-201-myagkaya-pe;сам впишу;сам впишу;сам впишу;0.7;130;Мягкая;PE;;В наличии;lenta-nerzhaveyuschaya-0-7x130-mm-aisi-201-myagkaya-pe.jpg
304;Лента нержавеющая 0.7x170 мм AISI 304 мягкая 2B;lenta-nerzhaveyuschaya-0-7x170-mm-aisi-304-myagkaya-2b;сам впишу;сам впишу;сам впишу;0.7;170;Мягкая;2B;;В наличии;lenta-nerzhaveyuschaya-0-7x170-mm-aisi-304-myagkaya-2b.jpg
201;Лента нержавеющая 0.7x20 мм AISI 201 мягкая 2B;lenta-nerzhaveyuschaya-0-7x20-mm-aisi-201-myagkaya-2b;сам впишу;сам впишу;сам впишу;0.7;20;Мягкая;2B;;В наличии;lenta-nerzhaveyuschaya-0-7x20-mm-aisi-201-myagkaya-2b.jpg
304;Лента нержавеющая 0.7x20 мм AISI 304 мягкая 2B;lenta-nerzhaveyuschaya-0-7x20-mm-aisi-304-myagkaya-2b;сам впишу;сам впишу;сам впишу;0.7;20;Мягкая;2B;;В наличии;lenta-nerzhaveyuschaya-0-7x20-mm-aisi-304-myagkaya-2b.jpg
316L;Лента нержавеющая 0.7x20 мм AISI 316L мягкая 2B;lenta-nerzhaveyuschaya-0-7x20-mm-aisi-316l-myagkaya-2b;сам впишу;сам впишу;сам впишу;0.7;20;Мягкая;2B;;В наличии;lenta-nerzhaveyuschaya-0-7x20-mm-aisi-316l-myagkaya-2b.jpg
321;Лента нержавеющая 0.7x20 мм AISI 321 мягкая 2B;lenta-nerzhaveyuschaya-0-7x20-mm-aisi-321-myagkaya-2b;сам впишу;сам впишу;сам впишу;0.7;20;Мягкая;2B;;В наличии;lenta-nerzhaveyuschaya-0-7x20-mm-aisi-321-myagkaya-2b.jpg
304;Лента нержавеющая 0.7x238 мм AISI 304 мягкая 2B;lenta-nerzhaveyuschaya-0-7x238-mm-aisi-304-myagkaya-2b;сам впишу;сам впишу;сам впишу;0.7;238;Мягкая;2B;;В наличии;lenta-nerzhaveyuschaya-0-7x238-mm-aisi-304-myagkaya-2b.jpg
304;Лента нержавеющая 0.7x238 мм AISI 304 мягкая 2B;lenta-nerzhaveyuschaya-0-7x238-mm-aisi-304-myagkaya-2b;сам впишу;сам впишу;сам впишу;0.7;238;Мягкая;2B;;В наличии;lenta-nerzhaveyuschaya-0-7x238-mm-aisi-304-myagkaya-2b.jpg
430;Лента нержавеющая 0.7x30 мм AISI 430 мягкая 2B;lenta-nerzhaveyuschaya-0-7x30-mm-aisi-430-myagkaya-2b;сам впишу;сам впишу;сам впишу;0.7;30;Мягкая;2B;;В наличии;lenta-nerzhaveyuschaya-0-7x30-mm-aisi-430-myagkaya-2b.jpg
321;Лента нержавеющая 0.7x345 мм AISI 321 мягкая 2B;lenta-nerzhaveyuschaya-0-7x345-mm-aisi-321-myagkaya-2b;сам впишу;сам впишу;сам впишу;0.7;345;Мягкая;2B;;В наличии;lenta-nerzhaveyuschaya-0-7x345-mm-aisi-321-myagkaya-2b.jpg
304;Лента нержавеющая 0.7x36.3 мм AISI 304 мягкая 2B;lenta-nerzhaveyuschaya-0-7x36-3-mm-aisi-304-myagkaya-2b;сам впишу;сам впишу;сам впишу;0.7;36.3;Мягкая;2B;;В наличии;lenta-nerzhaveyuschaya-0-7x36-3-mm-aisi-304-myagkaya-2b.jpg
321;Лента нержавеющая 0.7x400 мм AISI 321 мягкая 2B;lenta-nerzhaveyuschaya-0-7x400-mm-aisi-321-myagkaya-2b;сам впишу;сам впишу;сам впишу;0.7;400;Мягкая;2B;;В наличии;lenta-nerzhaveyuschaya-0-7x400-mm-aisi-321-myagkaya-2b.jpg
304;Лента нержавеющая 0.7x5 мм AISI 304 мягкая 2B;lenta-nerzhaveyuschaya-0-7x5-mm-aisi-304-myagkaya-2b;сам впишу;сам впишу;сам впишу;0.7;5;Мягкая;2B;;В наличии;lenta-nerzhaveyuschaya-0-7x5-mm-aisi-304-myagkaya-2b.jpg
304;Лента нержавеющая 0.7x80 мм AISI 304 мягкая PE;lenta-nerzhaveyuschaya-0-7x80-mm-aisi-304-myagkaya-pe;сам впишу;сам впишу;сам впишу;0.7;80;Мягкая;PE;;В наличии;lenta-nerzhaveyuschaya-0-7x80-mm-aisi-304-myagkaya-pe.jpg
321;Лента нержавеющая 0.8x10 мм AISI 321 мягкая 2B;lenta-nerzhaveyuschaya-0-8x10-mm-aisi-321-myagkaya-2b;сам впишу;сам впишу;сам впишу;0.8;10;Мягкая;2B;;В наличии;lenta-nerzhaveyuschaya-0-8x10-mm-aisi-321-myagkaya-2b.jpg
304;Лента нержавеющая 0.8x103 мм AISI 304 мягкая 2B;lenta-nerzhaveyuschaya-0-8x103-mm-aisi-304-myagkaya-2b;сам впишу;сам впишу;сам впишу;0.8;103;Мягкая;2B;;В наличии;lenta-nerzhaveyuschaya-0-8x103-mm-aisi-304-myagkaya-2b.jpg
304;Лента нержавеющая 0.8x104 мм AISI 304 мягкая PE;lenta-nerzhaveyuschaya-0-8x104-mm-aisi-304-myagkaya-pe;сам впишу;сам впишу;сам впишу;0.8;104;Мягкая;PE;;В наличии;lenta-nerzhaveyuschaya-0-8x104-mm-aisi-304-myagkaya-pe.jpg
304;Лента нержавеющая 0.8x112 мм AISI 304 мягкая PE;lenta-nerzhaveyuschaya-0-8x112-mm-aisi-304-myagkaya-pe;сам впишу;сам впишу;сам впишу;0.8;112;Мягкая;PE;;В наличии;lenta-nerzhaveyuschaya-0-8x112-mm-aisi-304-myagkaya-pe.jpg
304;Лента нержавеющая 0.8x114 мм AISI 304 мягкая 2B;lenta-nerzhaveyuschaya-0-8x114-mm-aisi-304-myagkaya-2b;сам впишу;сам впишу;сам впишу;0.8;114;Мягкая;2B;;В наличии;lenta-nerzhaveyuschaya-0-8x114-mm-aisi-304-myagkaya-2b.jpg
321;Лента нержавеющая 0.8x119 мм AISI 321 мягкая 2B;lenta-nerzhaveyuschaya-0-8x119-mm-aisi-321-myagkaya-2b;сам впишу;сам впишу;сам впишу;0.8;119;Мягкая;2B;;В наличии;lenta-nerzhaveyuschaya-0-8x119-mm-aisi-321-myagkaya-2b.jpg
409;Лента нержавеющая 0.8x123.2 мм AISI 409 мягкая 2B;lenta-nerzhaveyuschaya-0-8x123-2-mm-aisi-409-myagkaya-2b;сам впишу;сам впишу;сам впишу;0.8;123.2;Мягкая;2B;;В наличии;lenta-nerzhaveyuschaya-0-8x123-2-mm-aisi-409-myagkaya-2b.jpg
304;Лента нержавеющая 0.8x1250 мм AISI 304 мягкая 2B;lenta-nerzhaveyuschaya-0-8x1250-mm-aisi-304-myagkaya-2b;сам впишу;сам впишу;сам впишу;0.8;1250;Мягкая;2B;;В наличии;lenta-nerzhaveyuschaya-0-8x1250-mm-aisi-304-myagkaya-2b.jpg
304;Лента нержавеющая 0.8x133 мм AISI 304 мягкая PE;lenta-nerzhaveyuschaya-0-8x133-mm-aisi-304-myagkaya-pe;сам впишу;сам впишу;сам впишу;0.8;133;Мягкая;PE;;В наличии;lenta-nerzhaveyuschaya-0-8x133-mm-aisi-304-myagkaya-pe.jpg
316L;Лента нержавеющая 0.8x140 мм AISI 316L мягкая PE;lenta-nerzhaveyuschaya-0-8x140-mm-aisi-316l-myagkaya-pe;сам впишу;сам впишу;сам впишу;0.8;140;Мягкая;PE;;В наличии;lenta-nerzhaveyuschaya-0-8x140-mm-aisi-316l-myagkaya-pe.jpg
321;Лента нержавеющая 0.8x140 мм AISI 321 мягкая 2B;lenta-nerzhaveyuschaya-0-8x140-mm-aisi-321-myagkaya-2b;сам впишу;сам впишу;сам впишу;0.8;140;Мягкая;2B;;В наличии;lenta-nerzhaveyuschaya-0-8x140-mm-aisi-321-myagkaya-2b.jpg
321;Лента нержавеющая 0.8x145 мм AISI 321 мягкая 2B;lenta-nerzhaveyuschaya-0-8x145-mm-aisi-321-myagkaya-2b;сам впишу;сам впишу;сам впишу;0.8;145;Мягкая;2B;;В наличии;lenta-nerzhaveyuschaya-0-8x145-mm-aisi-321-myagkaya-2b.jpg
202;Лента нержавеющая 0.8x170 мм AISI 202 мягкая PE;lenta-nerzhaveyuschaya-0-8x170-mm-aisi-202-myagkaya-pe;сам впишу;сам впишу;сам впишу;0.8;170;Мягкая;PE;;В наличии;lenta-nerzhaveyuschaya-0-8x170-mm-aisi-202-myagkaya-pe.jpg
304;Лента нержавеющая 0.8x170 мм AISI 304 мягкая PE;lenta-nerzhaveyuschaya-0-8x170-mm-aisi-304-myagkaya-pe;сам впишу;сам впишу;сам впишу;0.8;170;Мягкая;PE;;В наличии;lenta-nerzhaveyuschaya-0-8x170-mm-aisi-304-myagkaya-pe.jpg
321;Лента нержавеющая 0.8x18 мм AISI 321 нагартованная 2B;lenta-nerzhaveyuschaya-0-8x18-mm-aisi-321-nagartovannaya-2b;сам впишу;сам впишу;сам впишу;0.8;18;Высоконагартованная;2B;;В наличии;lenta-nerzhaveyuschaya-0-8x18-mm-aisi-321-nagartovannaya-2b.jpg
304;Лента нержавеющая 0.8x19 мм AISI 304 мягкая 2B;lenta-nerzhaveyuschaya-0-8x19-mm-aisi-304-myagkaya-2b;сам впишу;сам впишу;сам впишу;0.8;19;Мягкая;2B;;В наличии;lenta-nerzhaveyuschaya-0-8x19-mm-aisi-304-myagkaya-2b.jpg
321;Лента нержавеющая 0.8x190 мм AISI 321 мягкая 2B;lenta-nerzhaveyuschaya-0-8x190-mm-aisi-321-myagkaya-2b;сам впишу;сам впишу;сам впишу;0.8;190;Мягкая;2B;;В наличии;lenta-nerzhaveyuschaya-0-8x190-mm-aisi-321-myagkaya-2b.jpg
430;Лента нержавеющая 0.8x190 мм AISI 430 мягкая 2B;lenta-nerzhaveyuschaya-0-8x190-mm-aisi-430-myagkaya-2b;сам впишу;сам впишу;сам впишу;0.8;190;Мягкая;2B;;В наличии;lenta-nerzhaveyuschaya-0-8x190-mm-aisi-430-myagkaya-2b.jpg
304;Лента нержавеющая 0.8x198 мм AISI 304 мягкая 2B;lenta-nerzhaveyuschaya-0-8x198-mm-aisi-304-myagkaya-2b;сам впишу;сам впишу;сам впишу;0.8;198;Мягкая;2B;;В наличии;lenta-nerzhaveyuschaya-0-8x198-mm-aisi-304-myagkaya-2b.jpg
201;Лента нержавеющая 0.8x20 мм AISI 201 мягкая 2B;lenta-nerzhaveyuschaya-0-8x20-mm-aisi-201-myagkaya-2b;сам впишу;сам впишу;сам впишу;0.8;20;Мягкая;2B;;В наличии;lenta-nerzhaveyuschaya-0-8x20-mm-aisi-201-myagkaya-2b.jpg
304;Лента нержавеющая 0.8x20 мм AISI 304 мягкая 2B;lenta-nerzhaveyuschaya-0-8x20-mm-aisi-304-myagkaya-2b;сам впишу;сам впишу;сам впишу;0.8;20;Мягкая;2B;;В наличии;lenta-nerzhaveyuschaya-0-8x20-mm-aisi-304-myagkaya-2b.jpg
304;Лента нержавеющая 0.8x20 мм AISI 304 мягкая BA;lenta-nerzhaveyuschaya-0-8x20-mm-aisi-304-myagkaya-ba;сам впишу;сам впишу;сам впишу;0.8;20;Мягкая;BA;;В наличии;lenta-nerzhaveyuschaya-0-8x20-mm-aisi-304-myagkaya-ba.jpg
304;Лента нержавеющая 0.8x20 мм AISI 304 мягкая PE;lenta-nerzhaveyuschaya-0-8x20-mm-aisi-304-myagkaya-pe;сам впишу;сам впишу;сам впишу;0.8;20;Мягкая;PE;;В наличии;lenta-nerzhaveyuschaya-0-8x20-mm-aisi-304-myagkaya-pe.jpg
321;Лента нержавеющая 0.8x200 мм AISI 321 нагартованная 2B;lenta-nerzhaveyuschaya-0-8x200-mm-aisi-321-nagartovannaya-2b;сам впишу;сам впишу;сам впишу;0.8;200;Высоконагартованная;2B;;В наличии;lenta-nerzhaveyuschaya-0-8x200-mm-aisi-321-nagartovannaya-2b.jpg
304;Лента нержавеющая 0.8x23 мм AISI 304 мягкая BA;lenta-nerzhaveyuschaya-0-8x23-mm-aisi-304-myagkaya-ba;сам впишу;сам впишу;сам впишу;0.8;23;Мягкая;BA;;В наличии;lenta-nerzhaveyuschaya-0-8x23-mm-aisi-304-myagkaya-ba.jpg
201;Лента нержавеющая 0.8x237 мм AISI 201 мягкая 2B;lenta-nerzhaveyuschaya-0-8x237-mm-aisi-201-myagkaya-2b;сам впишу;сам впишу;сам впишу;0.8;237;Мягкая;2B;;В наличии;lenta-nerzhaveyuschaya-0-8x237-mm-aisi-201-myagkaya-2b.jpg
304;Лента нержавеющая 0.8x241 мм AISI 304 мягкая 2B;lenta-nerzhaveyuschaya-0-8x241-mm-aisi-304-myagkaya-2b;сам впишу;сам впишу;сам впишу;0.8;241;Мягкая;2B;;В наличии;lenta-nerzhaveyuschaya-0-8x241-mm-aisi-304-myagkaya-2b.jpg
304;Лента нержавеющая 0.8x27.7 мм AISI 304 мягкая 2B;lenta-nerzhaveyuschaya-0-8x27-7-mm-aisi-304-myagkaya-2b;сам впишу;сам впишу;сам впишу;0.8;27.7;Мягкая;2B;;В наличии;lenta-nerzhaveyuschaya-0-8x27-7-mm-aisi-304-myagkaya-2b.jpg
321;Лента нержавеющая 0.8x28 мм AISI 321 нагартованная 2B;lenta-nerzhaveyuschaya-0-8x28-mm-aisi-321-nagartovannaya-2b;сам впишу;сам впишу;сам впишу;0.8;28;Высоконагартованная;2B;;В наличии;lenta-nerzhaveyuschaya-0-8x28-mm-aisi-321-nagartovannaya-2b.jpg
201;Лента нержавеющая 0.8x290 мм AISI 201 мягкая 2B;lenta-nerzhaveyuschaya-0-8x290-mm-aisi-201-myagkaya-2b;сам впишу;сам впишу;сам впишу;0.8;290;Мягкая;2B;;В наличии;lenta-nerzhaveyuschaya-0-8x290-mm-aisi-201-myagkaya-2b.jpg
202;Лента нержавеющая 0.8x300 мм AISI 202 мягкая PE;lenta-nerzhaveyuschaya-0-8x300-mm-aisi-202-myagkaya-pe;сам впишу;сам впишу;сам впишу;0.8;300;Мягкая;PE;;В наличии;lenta-nerzhaveyuschaya-0-8x300-mm-aisi-202-myagkaya-pe.jpg
304;Лента нержавеющая 0.8x300 мм AISI 304 мягкая 2B;lenta-nerzhaveyuschaya-0-8x300-mm-aisi-304-myagkaya-2b;сам впишу;сам впишу;сам впишу;0.8;300;Мягкая;2B;;В наличии;lenta-nerzhaveyuschaya-0-8x300-mm-aisi-304-myagkaya-2b.jpg
304;Лента нержавеющая 0.8x300 мм AISI 304 мягкая BA;lenta-nerzhaveyuschaya-0-8x300-mm-aisi-304-myagkaya-ba;сам впишу;сам впишу;сам впишу;0.8;300;Мягкая;BA;;В наличии;lenta-nerzhaveyuschaya-0-8x300-mm-aisi-304-myagkaya-ba.jpg
316L;Лента нержавеющая 0.8x36.9 мм AISI 316L мягкая 2B;lenta-nerzhaveyuschaya-0-8x36-9-mm-aisi-316l-myagkaya-2b;сам впишу;сам впишу;сам впишу;0.8;36.9;Мягкая;2B;;В наличии;lenta-nerzhaveyuschaya-0-8x36-9-mm-aisi-316l-myagkaya-2b.jpg
321;Лента нержавеющая 0.8x400 мм AISI 321 мягкая 2B;lenta-nerzhaveyuschaya-0-8x400-mm-aisi-321-myagkaya-2b;сам впишу;сам впишу;сам впишу;0.8;400;Мягкая;2B;;В наличии;lenta-nerzhaveyuschaya-0-8x400-mm-aisi-321-myagkaya-2b.jpg
304;Лента нержавеющая 0.8x416 мм AISI 304 мягкая 2B;lenta-nerzhaveyuschaya-0-8x416-mm-aisi-304-myagkaya-2b;сам впишу;сам впишу;сам впишу;0.8;416;Мягкая;2B;;В наличии;lenta-nerzhaveyuschaya-0-8x416-mm-aisi-304-myagkaya-2b.jpg
430;Лента нержавеющая 0.8x440 мм AISI 430 мягкая 2B;lenta-nerzhaveyuschaya-0-8x440-mm-aisi-430-myagkaya-2b;сам впишу;сам впишу;сам впишу;0.8;440;Мягкая;2B;;В наличии;lenta-nerzhaveyuschaya-0-8x440-mm-aisi-430-myagkaya-2b.jpg
304;Лента нержавеющая 0.8x48 мм AISI 304 мягкая 2B;lenta-nerzhaveyuschaya-0-8x48-mm-aisi-304-myagkaya-2b;сам впишу;сам впишу;сам впишу;0.8;48;Мягкая;2B;;В наличии;lenta-nerzhaveyuschaya-0-8x48-mm-aisi-304-myagkaya-2b.jpg
321;Лента нержавеющая 0.8x50 мм AISI 321 мягкая 2B;lenta-nerzhaveyuschaya-0-8x50-mm-aisi-321-myagkaya-2b;сам впишу;сам впишу;сам впишу;0.8;50;Мягкая;2B;;В наличии;lenta-nerzhaveyuschaya-0-8x50-mm-aisi-321-myagkaya-2b.jpg
304;Лента нержавеющая 0.8x523 мм AISI 304 мягкая 2B;lenta-nerzhaveyuschaya-0-8x523-mm-aisi-304-myagkaya-2b;сам впишу;сам впишу;сам впишу;0.8;523;Мягкая;2B;;В наличии;lenta-nerzhaveyuschaya-0-8x523-mm-aisi-304-myagkaya-2b.jpg
304;Лента нержавеющая 0.8x60 мм AISI 304 мягкая 2B;lenta-nerzhaveyuschaya-0-8x60-mm-aisi-304-myagkaya-2b;сам впишу;сам впишу;сам впишу;0.8;60;Мягкая;2B;;В наличии;lenta-nerzhaveyuschaya-0-8x60-mm-aisi-304-myagkaya-2b.jpg
430;Лента нержавеющая 0.8x60 мм AISI 430 мягкая 2B;lenta-nerzhaveyuschaya-0-8x60-mm-aisi-430-myagkaya-2b;сам впишу;сам впишу;сам впишу;0.8;60;Мягкая;2B;;В наличии;lenta-nerzhaveyuschaya-0-8x60-mm-aisi-430-myagkaya-2b.jpg
304;Лента нержавеющая 0.8x70 мм AISI 304 мягкая PE;lenta-nerzhaveyuschaya-0-8x70-mm-aisi-304-myagkaya-pe;сам впишу;сам впишу;сам впишу;0.8;70;Мягкая;PE;;В наличии;lenta-nerzhaveyuschaya-0-8x70-mm-aisi-304-myagkaya-pe.jpg
430;Лента нержавеющая 0.8x70 мм AISI 430 мягкая 2B;lenta-nerzhaveyuschaya-0-8x70-mm-aisi-430-myagkaya-2b;сам впишу;сам впишу;сам впишу;0.8;70;Мягкая;2B;;В наличии;lenta-nerzhaveyuschaya-0-8x70-mm-aisi-430-myagkaya-2b.jpg
201;Лента нержавеющая 0.8x80 мм AISI 201 мягкая 2B;lenta-nerzhaveyuschaya-0-8x80-mm-aisi-201-myagkaya-2b;сам впишу;сам впишу;сам впишу;0.8;80;Мягкая;2B;;В наличии;lenta-nerzhaveyuschaya-0-8x80-mm-aisi-201-myagkaya-2b.jpg
304;Лента нержавеющая 0.8x84 мм AISI 304 мягкая 2B;lenta-nerzhaveyuschaya-0-8x84-mm-aisi-304-myagkaya-2b;сам впишу;сам впишу;сам впишу;0.8;84;Мягкая;2B;;В наличии;lenta-nerzhaveyuschaya-0-8x84-mm-aisi-304-myagkaya-2b.jpg
201;Лента нержавеющая 0.8x88 мм AISI 201 мягкая 2B;lenta-nerzhaveyuschaya-0-8x88-mm-aisi-201-myagkaya-2b;сам впишу;сам впишу;сам впишу;0.8;88;Мягкая;2B;;В наличии;lenta-nerzhaveyuschaya-0-8x88-mm-aisi-201-myagkaya-2b.jpg
304;Лента нержавеющая 0.8x9 мм AISI 304 мягкая 2B;lenta-nerzhaveyuschaya-0-8x9-mm-aisi-304-myagkaya-2b;сам впишу;сам впишу;сам впишу;0.8;9;Мягкая;2B;;В наличии;lenta-nerzhaveyuschaya-0-8x9-mm-aisi-304-myagkaya-2b.jpg
321;Лента нержавеющая 0.8x9 мм AISI 321 мягкая 2B;lenta-nerzhaveyuschaya-0-8x9-mm-aisi-321-myagkaya-2b;сам впишу;сам впишу;сам впишу;0.8;9;Мягкая;2B;;В наличии;lenta-nerzhaveyuschaya-0-8x9-mm-aisi-321-myagkaya-2b.jpg
201;Лента нержавеющая 0.8x90 мм AISI 201 мягкая 2B;lenta-nerzhaveyuschaya-0-8x90-mm-aisi-201-myagkaya-2b;сам впишу;сам впишу;сам впишу;0.8;90;Мягкая;2B;;В наличии;lenta-nerzhaveyuschaya-0-8x90-mm-aisi-201-myagkaya-2b.jpg
201;Лента нержавеющая 0.8x97 мм AISI 201 мягкая 2B;lenta-nerzhaveyuschaya-0-8x97-mm-aisi-201-myagkaya-2b;сам впишу;сам впишу;сам впишу;0.8;97;Мягкая;2B;;В наличии;lenta-nerzhaveyuschaya-0-8x97-mm-aisi-201-myagkaya-2b.jpg
201;Лента нержавеющая 0.9x50 мм AISI 201 мягкая 2B;lenta-nerzhaveyuschaya-0-9x50-mm-aisi-201-myagkaya-2b;сам впишу;сам впишу;сам впишу;0.9;50;Мягкая;2B;;В наличии;lenta-nerzhaveyuschaya-0-9x50-mm-aisi-201-myagkaya-2b.jpg
304;Лента нержавеющая 1x10.2 мм AISI 304 мягкая 2B;lenta-nerzhaveyuschaya-1x10-2-mm-aisi-304-myagkaya-2b;сам впишу;сам впишу;сам впишу;1;10.2;Мягкая;2B;;В наличии;lenta-nerzhaveyuschaya-1x10-2-mm-aisi-304-myagkaya-2b.jpg
304;Лента нержавеющая 1x112 мм AISI 304 мягкая 2B;lenta-nerzhaveyuschaya-1x112-mm-aisi-304-myagkaya-2b;сам впишу;сам впишу;сам впишу;1;112;Мягкая;2B;;В наличии;lenta-nerzhaveyuschaya-1x112-mm-aisi-304-myagkaya-2b.jpg
316L;Лента нержавеющая 1x12 мм AISI 316L мягкая 2B;lenta-nerzhaveyuschaya-1x12-mm-aisi-316l-myagkaya-2b;сам впишу;сам впишу;сам впишу;1;12;Мягкая;2B;;В наличии;lenta-nerzhaveyuschaya-1x12-mm-aisi-316l-myagkaya-2b.jpg
304;Лента нержавеющая 1x1219 мм AISI 304 мягкая BA;lenta-nerzhaveyuschaya-1x1219-mm-aisi-304-myagkaya-ba;сам впишу;сам впишу;сам впишу;1;1219;Мягкая;BA;;В наличии;lenta-nerzhaveyuschaya-1x1219-mm-aisi-304-myagkaya-ba.jpg
304;Лента нержавеющая 1x17 мм AISI 304 мягкая 2B;lenta-nerzhaveyuschaya-1x17-mm-aisi-304-myagkaya-2b;сам впишу;сам впишу;сам впишу;1;17;Мягкая;2B;;В наличии;lenta-nerzhaveyuschaya-1x17-mm-aisi-304-myagkaya-2b.jpg
304;Лента нержавеющая 1x19 мм AISI 304 нагартованная 2B;lenta-nerzhaveyuschaya-1x19-mm-aisi-304-nagartovannaya-2b;сам впишу;сам впишу;сам впишу;1;19;Высоконагартованная;2B;;В наличии;lenta-nerzhaveyuschaya-1x19-mm-aisi-304-nagartovannaya-2b.jpg
430;Лента нержавеющая 1x19 мм AISI 430 мягкая 2B;lenta-nerzhaveyuschaya-1x19-mm-aisi-430-myagkaya-2b;сам впишу;сам впишу;сам впишу;1;19;Мягкая;2B;;В наличии;lenta-nerzhaveyuschaya-1x19-mm-aisi-430-myagkaya-2b.jpg
304;Лента нержавеющая 1x20 мм AISI 304 нагартованная 2B;lenta-nerzhaveyuschaya-1x20-mm-aisi-304-nagartovannaya-2b;сам впишу;сам впишу;сам впишу;1;20;Высоконагартованная;2B;;В наличии;lenta-nerzhaveyuschaya-1x20-mm-aisi-304-nagartovannaya-2b.jpg
304;Лента нержавеющая 1x20 мм AISI 304 мягкая 2B;lenta-nerzhaveyuschaya-1x20-mm-aisi-304-myagkaya-2b;сам впишу;сам впишу;сам впишу;1;20;Мягкая;2B;;В наличии;lenta-nerzhaveyuschaya-1x20-mm-aisi-304-myagkaya-2b.jpg
304;Лента нержавеющая 1x24 мм AISI 304 мягкая 2B;lenta-nerzhaveyuschaya-1x24-mm-aisi-304-myagkaya-2b;сам впишу;сам впишу;сам впишу;1;24;Мягкая;2B;;В наличии;lenta-nerzhaveyuschaya-1x24-mm-aisi-304-myagkaya-2b.jpg
430;Лента нержавеющая 1x240 мм AISI 430 мягкая BA;lenta-nerzhaveyuschaya-1x240-mm-aisi-430-myagkaya-ba;сам впишу;сам впишу;сам впишу;1;240;Мягкая;BA;;В наличии;lenta-nerzhaveyuschaya-1x240-mm-aisi-430-myagkaya-ba.jpg
430;Лента нержавеющая 1x250 мм AISI 430 мягкая BA;lenta-nerzhaveyuschaya-1x250-mm-aisi-430-myagkaya-ba;сам впишу;сам впишу;сам впишу;1;250;Мягкая;BA;;В наличии;lenta-nerzhaveyuschaya-1x250-mm-aisi-430-myagkaya-ba.jpg
321;Лента нержавеющая 1x29 мм AISI 321 мягкая 2B;lenta-nerzhaveyuschaya-1x29-mm-aisi-321-myagkaya-2b;сам впишу;сам впишу;сам впишу;1;29;Мягкая;2B;;В наличии;lenta-nerzhaveyuschaya-1x29-mm-aisi-321-myagkaya-2b.jpg
304;Лента нержавеющая 1x300 мм AISI 304 мягкая 2B;lenta-nerzhaveyuschaya-1x300-mm-aisi-304-myagkaya-2b;сам впишу;сам впишу;сам впишу;1;300;Мягкая;2B;;В наличии;lenta-nerzhaveyuschaya-1x300-mm-aisi-304-myagkaya-2b.jpg
321;Лента нержавеющая 1x300 мм AISI 321 мягкая 2B;lenta-nerzhaveyuschaya-1x300-mm-aisi-321-myagkaya-2b;сам впишу;сам впишу;сам впишу;1;300;Мягкая;2B;;В наличии;lenta-nerzhaveyuschaya-1x300-mm-aisi-321-myagkaya-2b.jpg
304;Лента нержавеющая 1x39 мм AISI 304 нагартованная 2B;lenta-nerzhaveyuschaya-1x39-mm-aisi-304-nagartovannaya-2b;сам впишу;сам впишу;сам впишу;1;39;Высоконагартованная;2B;;В наличии;lenta-nerzhaveyuschaya-1x39-mm-aisi-304-nagartovannaya-2b.jpg
304;Лента нержавеющая 1x400 мм AISI 304 нагартованная 2B;lenta-nerzhaveyuschaya-1x400-mm-aisi-304-nagartovannaya-2b;сам впишу;сам впишу;сам впишу;1;400;Высоконагартованная;2B;;В наличии;lenta-nerzhaveyuschaya-1x400-mm-aisi-304-nagartovannaya-2b.jpg
316L;Лента нержавеющая 1x86 мм AISI 316L мягкая 2B;lenta-nerzhaveyuschaya-1x86-mm-aisi-316l-myagkaya-2b;сам впишу;сам впишу;сам впишу;1;86;Мягкая;2B;;В наличии;lenta-nerzhaveyuschaya-1x86-mm-aisi-316l-myagkaya-2b.jpg
304;Лента нержавеющая 1x98 мм AISI 304 мягкая 2B;lenta-nerzhaveyuschaya-1x98-mm-aisi-304-myagkaya-2b;сам впишу;сам впишу;сам впишу;1;98;Мягкая;2B;;В наличии;lenta-nerzhaveyuschaya-1x98-mm-aisi-304-myagkaya-2b.jpg
430;Лента нержавеющая 1.0x1000 мм AISI 430 мягкая BA;lenta-nerzhaveyuschaya-1-0x1000-mm-aisi-430-myagkaya-ba;сам впишу;сам впишу;сам впишу;1.0;1000;Мягкая;BA;;В наличии;lenta-nerzhaveyuschaya-1-0x1000-mm-aisi-430-myagkaya-ba.jpg
409;Лента нержавеющая 1.0x109 мм AISI 409 мягкая 2B;lenta-nerzhaveyuschaya-1-0x109-mm-aisi-409-myagkaya-2b;сам впишу;сам впишу;сам впишу;1.0;109;Мягкая;2B;;В наличии;lenta-nerzhaveyuschaya-1-0x109-mm-aisi-409-myagkaya-2b.jpg
304;Лента нержавеющая 1.0x116 мм AISI 304 мягкая 2B;lenta-nerzhaveyuschaya-1-0x116-mm-aisi-304-myagkaya-2b;сам впишу;сам впишу;сам впишу;1.0;116;Мягкая;2B;;В наличии;lenta-nerzhaveyuschaya-1-0x116-mm-aisi-304-myagkaya-2b.jpg
409;Лента нержавеющая 1.0x140 мм AISI 409 мягкая 2B;lenta-nerzhaveyuschaya-1-0x140-mm-aisi-409-myagkaya-2b;сам впишу;сам впишу;сам впишу;1.0;140;Мягкая;2B;;В наличии;lenta-nerzhaveyuschaya-1-0x140-mm-aisi-409-myagkaya-2b.jpg
304;Лента нержавеющая 1.0x146 мм AISI 304 мягкая 2B;lenta-nerzhaveyuschaya-1-0x146-mm-aisi-304-myagkaya-2b;сам впишу;сам впишу;сам впишу;1.0;146;Мягкая;2B;;В наличии;lenta-nerzhaveyuschaya-1-0x146-mm-aisi-304-myagkaya-2b.jpg
304;Лента нержавеющая 1.0x148 мм AISI 304 мягкая 2B;lenta-nerzhaveyuschaya-1-0x148-mm-aisi-304-myagkaya-2b;сам впишу;сам впишу;сам впишу;1.0;148;Мягкая;2B;;В наличии;lenta-nerzhaveyuschaya-1-0x148-mm-aisi-304-myagkaya-2b.jpg
304;Лента нержавеющая 1.0x154 мм AISI 304 мягкая 2B;lenta-nerzhaveyuschaya-1-0x154-mm-aisi-304-myagkaya-2b;сам впишу;сам впишу;сам впишу;1.0;154;Мягкая;2B;;В наличии;lenta-nerzhaveyuschaya-1-0x154-mm-aisi-304-myagkaya-2b.jpg
304;Лента нержавеющая 1.0x176 мм AISI 304 мягкая 2B;lenta-nerzhaveyuschaya-1-0x176-mm-aisi-304-myagkaya-2b;сам впишу;сам впишу;сам впишу;1.0;176;Мягкая;2B;;В наличии;lenta-nerzhaveyuschaya-1-0x176-mm-aisi-304-myagkaya-2b.jpg
304;Лента нержавеющая 1.0x180 мм AISI 304 мягкая 2B;lenta-nerzhaveyuschaya-1-0x180-mm-aisi-304-myagkaya-2b;сам впишу;сам впишу;сам впишу;1.0;180;Мягкая;2B;;В наличии;lenta-nerzhaveyuschaya-1-0x180-mm-aisi-304-myagkaya-2b.jpg
304;Лента нержавеющая 1.0x185 мм AISI 304 мягкая 2B;lenta-nerzhaveyuschaya-1-0x185-mm-aisi-304-myagkaya-2b;сам впишу;сам впишу;сам впишу;1.0;185;Мягкая;2B;;В наличии;lenta-nerzhaveyuschaya-1-0x185-mm-aisi-304-myagkaya-2b.jpg
430;Лента нержавеющая 1.0x20 мм AISI 430 мягкая 2B;lenta-nerzhaveyuschaya-1-0x20-mm-aisi-430-myagkaya-2b;сам впишу;сам впишу;сам впишу;1.0;20;Мягкая;2B;;В наличии;lenta-nerzhaveyuschaya-1-0x20-mm-aisi-430-myagkaya-2b.jpg
304;Лента нержавеющая 1.0x215 мм AISI 304 мягкая 2B;lenta-nerzhaveyuschaya-1-0x215-mm-aisi-304-myagkaya-2b;сам впишу;сам впишу;сам впишу;1.0;215;Мягкая;2B;;В наличии;lenta-nerzhaveyuschaya-1-0x215-mm-aisi-304-myagkaya-2b.jpg
304;Лента нержавеющая 1.0x230 мм AISI 304 мягкая 2B;lenta-nerzhaveyuschaya-1-0x230-mm-aisi-304-myagkaya-2b;сам впишу;сам впишу;сам впишу;1.0;230;Мягкая;2B;;В наличии;lenta-nerzhaveyuschaya-1-0x230-mm-aisi-304-myagkaya-2b.jpg
316L;Лента нержавеющая 1.0x260 мм AISI 316L мягкая 2B;lenta-nerzhaveyuschaya-1-0x260-mm-aisi-316l-myagkaya-2b;сам впишу;сам впишу;сам впишу;1.0;260;Мягкая;2B;;В наличии;lenta-nerzhaveyuschaya-1-0x260-mm-aisi-316l-myagkaya-2b.jpg
430;Лента нержавеющая 1.0x30 мм AISI 430 мягкая 2B;lenta-nerzhaveyuschaya-1-0x30-mm-aisi-430-myagkaya-2b;сам впишу;сам впишу;сам впишу;1.0;30;Мягкая;2B;;В наличии;lenta-nerzhaveyuschaya-1-0x30-mm-aisi-430-myagkaya-2b.jpg
316L;Лента нержавеющая 1.0x40 мм AISI 316L мягкая 2B;lenta-nerzhaveyuschaya-1-0x40-mm-aisi-316l-myagkaya-2b;сам впишу;сам впишу;сам впишу;1.0;40;Мягкая;2B;;В наличии;lenta-nerzhaveyuschaya-1-0x40-mm-aisi-316l-myagkaya-2b.jpg
430;Лента нержавеющая 1.0x40 мм AISI 430 мягкая 2B;lenta-nerzhaveyuschaya-1-0x40-mm-aisi-430-myagkaya-2b;сам впишу;сам впишу;сам впишу;1.0;40;Мягкая;2B;;В наличии;lenta-nerzhaveyuschaya-1-0x40-mm-aisi-430-myagkaya-2b.jpg
321;Лента нержавеющая 1.0x43 мм AISI 321 мягкая 2B;lenta-nerzhaveyuschaya-1-0x43-mm-aisi-321-myagkaya-2b;сам впишу;сам впишу;сам впишу;1.0;43;Мягкая;2B;;В наличии;lenta-nerzhaveyuschaya-1-0x43-mm-aisi-321-myagkaya-2b.jpg
304;Лента нержавеющая 1.0x50 мм AISI 304 мягкая BA;lenta-nerzhaveyuschaya-1-0x50-mm-aisi-304-myagkaya-ba;сам впишу;сам впишу;сам впишу;1.0;50;Мягкая;BA;;В наличии;lenta-nerzhaveyuschaya-1-0x50-mm-aisi-304-myagkaya-ba.jpg
304;Лента нержавеющая 1.0x502 мм AISI 304 мягкая 2B;lenta-nerzhaveyuschaya-1-0x502-mm-aisi-304-myagkaya-2b;сам впишу;сам впишу;сам впишу;1.0;502;Мягкая;2B;;В наличии;lenta-nerzhaveyuschaya-1-0x502-mm-aisi-304-myagkaya-2b.jpg
304;Лента нержавеющая 1.0x55 мм AISI 304 мягкая 2B;lenta-nerzhaveyuschaya-1-0x55-mm-aisi-304-myagkaya-2b;сам впишу;сам впишу;сам впишу;1.0;55;Мягкая;2B;;В наличии;lenta-nerzhaveyuschaya-1-0x55-mm-aisi-304-myagkaya-2b.jpg
316L;Лента нержавеющая 1.0x60 мм AISI 316L мягкая 2B;lenta-nerzhaveyuschaya-1-0x60-mm-aisi-316l-myagkaya-2b;сам впишу;сам впишу;сам впишу;1.0;60;Мягкая;2B;;В наличии;lenta-nerzhaveyuschaya-1-0x60-mm-aisi-316l-myagkaya-2b.jpg
321;Лента нержавеющая 1.0x60 мм AISI 321 мягкая PE;lenta-nerzhaveyuschaya-1-0x60-mm-aisi-321-myagkaya-pe;сам впишу;сам впишу;сам впишу;1.0;60;Мягкая;PE;;В наличии;lenta-nerzhaveyuschaya-1-0x60-mm-aisi-321-myagkaya-pe.jpg
304;Лента нержавеющая 1.0x738 мм AISI 304 мягкая 2B;lenta-nerzhaveyuschaya-1-0x738-mm-aisi-304-myagkaya-2b;сам впишу;сам впишу;сам впишу;1.0;738;Мягкая;2B;;В наличии;lenta-nerzhaveyuschaya-1-0x738-mm-aisi-304-myagkaya-2b.jpg
201;Лента нержавеющая 1.0x75 мм AISI 201 мягкая PE;lenta-nerzhaveyuschaya-1-0x75-mm-aisi-201-myagkaya-pe;сам впишу;сам впишу;сам впишу;1.0;75;Мягкая;PE;;В наличии;lenta-nerzhaveyuschaya-1-0x75-mm-aisi-201-myagkaya-pe.jpg
201;Лента нержавеющая 1.0x790 мм AISI 201 мягкая 2B;lenta-nerzhaveyuschaya-1-0x790-mm-aisi-201-myagkaya-2b;сам впишу;сам впишу;сам впишу;1.0;790;Мягкая;2B;;В наличии;lenta-nerzhaveyuschaya-1-0x790-mm-aisi-201-myagkaya-2b.jpg
430;Лента нержавеющая 1.0x80 мм AISI 430 мягкая BA;lenta-nerzhaveyuschaya-1-0x80-mm-aisi-430-myagkaya-ba;сам впишу;сам впишу;сам впишу;1.0;80;Мягкая;BA;;В наличии;lenta-nerzhaveyuschaya-1-0x80-mm-aisi-430-myagkaya-ba.jpg
201;Лента нержавеющая 1.0x96 мм AISI 201 мягкая 2B;lenta-nerzhaveyuschaya-1-0x96-mm-aisi-201-myagkaya-2b;сам впишу;сам впишу;сам впишу;1.0;96;Мягкая;2B;;В наличии;lenta-nerzhaveyuschaya-1-0x96-mm-aisi-201-myagkaya-2b.jpg
430;Лента нержавеющая 1.0x98 мм AISI 430 мягкая PE;lenta-nerzhaveyuschaya-1-0x98-mm-aisi-430-myagkaya-pe;сам впишу;сам впишу;сам впишу;1.0;98;Мягкая;PE;;В наличии;lenta-nerzhaveyuschaya-1-0x98-mm-aisi-430-myagkaya-pe.jpg
409;Лента нержавеющая 1.1x30 мм AISI 409 мягкая 2B;lenta-nerzhaveyuschaya-1-1x30-mm-aisi-409-myagkaya-2b;сам впишу;сам впишу;сам впишу;1.1;30;Мягкая;2B;;В наличии;lenta-nerzhaveyuschaya-1-1x30-mm-aisi-409-myagkaya-2b.jpg
201;Лента нержавеющая 1.1x40 мм AISI 201 мягкая 2B;lenta-nerzhaveyuschaya-1-1x40-mm-aisi-201-myagkaya-2b;сам впишу;сам впишу;сам впишу;1.1;40;Мягкая;2B;;В наличии;lenta-nerzhaveyuschaya-1-1x40-mm-aisi-201-myagkaya-2b.jpg
304;Лента нержавеющая 1.1x40 мм AISI 304 мягкая 2B;lenta-nerzhaveyuschaya-1-1x40-mm-aisi-304-myagkaya-2b;сам впишу;сам впишу;сам впишу;1.1;40;Мягкая;2B;;В наличии;lenta-nerzhaveyuschaya-1-1x40-mm-aisi-304-myagkaya-2b.jpg
304;Лента нержавеющая 1.1x49 мм AISI 304 мягкая 2B;lenta-nerzhaveyuschaya-1-1x49-mm-aisi-304-myagkaya-2b;сам впишу;сам впишу;сам впишу;1.1;49;Мягкая;2B;;В наличии;lenta-nerzhaveyuschaya-1-1x49-mm-aisi-304-myagkaya-2b.jpg
304;Лента нержавеющая 1.2x100 мм AISI 304 мягкая 2B;lenta-nerzhaveyuschaya-1-2x100-mm-aisi-304-myagkaya-2b;сам впишу;сам впишу;сам впишу;1.2;100;Мягкая;2B;;В наличии;lenta-nerzhaveyuschaya-1-2x100-mm-aisi-304-myagkaya-2b.jpg
304;Лента нержавеющая 1.2x110 мм AISI 304 мягкая 2B;lenta-nerzhaveyuschaya-1-2x110-mm-aisi-304-myagkaya-2b;сам впишу;сам впишу;сам впишу;1.2;110;Мягкая;2B;;В наличии;lenta-nerzhaveyuschaya-1-2x110-mm-aisi-304-myagkaya-2b.jpg
430;Лента нержавеющая 1.2x120 мм AISI 430 мягкая 2B;lenta-nerzhaveyuschaya-1-2x120-mm-aisi-430-myagkaya-2b;сам впишу;сам впишу;сам впишу;1.2;120;Мягкая;2B;;В наличии;lenta-nerzhaveyuschaya-1-2x120-mm-aisi-430-myagkaya-2b.jpg
321;Лента нержавеющая 1.2x130 мм AISI 321 мягкая 2B;lenta-nerzhaveyuschaya-1-2x130-mm-aisi-321-myagkaya-2b;сам впишу;сам впишу;сам впишу;1.2;130;Мягкая;2B;;В наличии;lenta-nerzhaveyuschaya-1-2x130-mm-aisi-321-myagkaya-2b.jpg
321;Лента нержавеющая 1.2x140 мм AISI 321 мягкая 2B;lenta-nerzhaveyuschaya-1-2x140-mm-aisi-321-myagkaya-2b;сам впишу;сам впишу;сам впишу;1.2;140;Мягкая;2B;;В наличии;lenta-nerzhaveyuschaya-1-2x140-mm-aisi-321-myagkaya-2b.jpg
430;Лента нержавеющая 1.2x140 мм AISI 430 мягкая 2B;lenta-nerzhaveyuschaya-1-2x140-mm-aisi-430-myagkaya-2b;сам впишу;сам впишу;сам впишу;1.2;140;Мягкая;2B;;В наличии;lenta-nerzhaveyuschaya-1-2x140-mm-aisi-430-myagkaya-2b.jpg
321;Лента нержавеющая 1.2x180 мм AISI 321 мягкая 2B;lenta-nerzhaveyuschaya-1-2x180-mm-aisi-321-myagkaya-2b;сам впишу;сам впишу;сам впишу;1.2;180;Мягкая;2B;;В наличии;lenta-nerzhaveyuschaya-1-2x180-mm-aisi-321-myagkaya-2b.jpg
304;Лента нержавеющая 1.2x20 мм AISI 304 мягкая 2B;lenta-nerzhaveyuschaya-1-2x20-mm-aisi-304-myagkaya-2b;сам впишу;сам впишу;сам впишу;1.2;20;Мягкая;2B;;В наличии;lenta-nerzhaveyuschaya-1-2x20-mm-aisi-304-myagkaya-2b.jpg
321;Лента нержавеющая 1.2x20 мм AISI 321 мягкая 2B;lenta-nerzhaveyuschaya-1-2x20-mm-aisi-321-myagkaya-2b;сам впишу;сам впишу;сам впишу;1.2;20;Мягкая;2B;;В наличии;lenta-nerzhaveyuschaya-1-2x20-mm-aisi-321-myagkaya-2b.jpg
430;Лента нержавеющая 1.2x20 мм AISI 430 мягкая 2B;lenta-nerzhaveyuschaya-1-2x20-mm-aisi-430-myagkaya-2b;сам впишу;сам впишу;сам впишу;1.2;20;Мягкая;2B;;В наличии;lenta-nerzhaveyuschaya-1-2x20-mm-aisi-430-myagkaya-2b.jpg
304;Лента нержавеющая 1.2x240 мм AISI 304 мягкая 2B;lenta-nerzhaveyuschaya-1-2x240-mm-aisi-304-myagkaya-2b;сам впишу;сам впишу;сам впишу;1.2;240;Мягкая;2B;;В наличии;lenta-nerzhaveyuschaya-1-2x240-mm-aisi-304-myagkaya-2b.jpg
321;Лента нержавеющая 1.2x240 мм AISI 321 мягкая 2B;lenta-nerzhaveyuschaya-1-2x240-mm-aisi-321-myagkaya-2b;сам впишу;сам впишу;сам впишу;1.2;240;Мягкая;2B;;В наличии;lenta-nerzhaveyuschaya-1-2x240-mm-aisi-321-myagkaya-2b.jpg
430;Лента нержавеющая 1.2x240 мм AISI 430 мягкая 2B;lenta-nerzhaveyuschaya-1-2x240-mm-aisi-430-myagkaya-2b;сам впишу;сам впишу;сам впишу;1.2;240;Мягкая;2B;;В наличии;lenta-nerzhaveyuschaya-1-2x240-mm-aisi-430-myagkaya-2b.jpg
321;Лента нержавеющая 1.2x30 мм AISI 321 мягкая 2B;lenta-nerzhaveyuschaya-1-2x30-mm-aisi-321-myagkaya-2b;сам впишу;сам впишу;сам впишу;1.2;30;Мягкая;2B;;В наличии;lenta-nerzhaveyuschaya-1-2x30-mm-aisi-321-myagkaya-2b.jpg
430;Лента нержавеющая 1.2x30 мм AISI 430 мягкая 2B;lenta-nerzhaveyuschaya-1-2x30-mm-aisi-430-myagkaya-2b;сам впишу;сам впишу;сам впишу;1.2;30;Мягкая;2B;;В наличии;lenta-nerzhaveyuschaya-1-2x30-mm-aisi-430-myagkaya-2b.jpg
304;Лента нержавеющая 1.2x49 мм AISI 304 мягкая 2B;lenta-nerzhaveyuschaya-1-2x49-mm-aisi-304-myagkaya-2b;сам впишу;сам впишу;сам впишу;1.2;49;Мягкая;2B;;В наличии;lenta-nerzhaveyuschaya-1-2x49-mm-aisi-304-myagkaya-2b.jpg
430;Лента нержавеющая 1.2x50 мм AISI 430 мягкая 2B;lenta-nerzhaveyuschaya-1-2x50-mm-aisi-430-myagkaya-2b;сам впишу;сам впишу;сам впишу;1.2;50;Мягкая;2B;;В наличии;lenta-nerzhaveyuschaya-1-2x50-mm-aisi-430-myagkaya-2b.jpg
316L;Лента нержавеющая 1.2x569 мм AISI 316L мягкая 2B;lenta-nerzhaveyuschaya-1-2x569-mm-aisi-316l-myagkaya-2b;сам впишу;сам впишу;сам впишу;1.2;569;Мягкая;2B;;В наличии;lenta-nerzhaveyuschaya-1-2x569-mm-aisi-316l-myagkaya-2b.jpg
201;Лента нержавеющая 1.2x63 мм AISI 201 мягкая 2B;lenta-nerzhaveyuschaya-1-2x63-mm-aisi-201-myagkaya-2b;сам впишу;сам впишу;сам впишу;1.2;63;Мягкая;2B;;В наличии;lenta-nerzhaveyuschaya-1-2x63-mm-aisi-201-myagkaya-2b.jpg
304;Лента нержавеющая 1.2x66 мм AISI 304 мягкая 2B;lenta-nerzhaveyuschaya-1-2x66-mm-aisi-304-myagkaya-2b;сам впишу;сам впишу;сам впишу;1.2;66;Мягкая;2B;;В наличии;lenta-nerzhaveyuschaya-1-2x66-mm-aisi-304-myagkaya-2b.jpg
201;Лента нержавеющая 1.2x77 мм AISI 201 мягкая 2B;lenta-nerzhaveyuschaya-1-2x77-mm-aisi-201-myagkaya-2b;сам впишу;сам впишу;сам впишу;1.2;77;Мягкая;2B;;В наличии;lenta-nerzhaveyuschaya-1-2x77-mm-aisi-201-myagkaya-2b.jpg
321;Лента нержавеющая 1.2x800 мм AISI 321 мягкая 2B;lenta-nerzhaveyuschaya-1-2x800-mm-aisi-321-myagkaya-2b;сам впишу;сам впишу;сам впишу;1.2;800;Мягкая;2B;;В наличии;lenta-nerzhaveyuschaya-1-2x800-mm-aisi-321-myagkaya-2b.jpg
316L;Лента нержавеющая 1.2x90 мм AISI 316L мягкая 2B;lenta-nerzhaveyuschaya-1-2x90-mm-aisi-316l-myagkaya-2b;сам впишу;сам впишу;сам впишу;1.2;90;Мягкая;2B;;В наличии;lenta-nerzhaveyuschaya-1-2x90-mm-aisi-316l-myagkaya-2b.jpg
409;Лента нержавеющая 1.4x40 мм AISI 409 мягкая 2B;lenta-nerzhaveyuschaya-1-4x40-mm-aisi-409-myagkaya-2b;сам впишу;сам впишу;сам впишу;1.4;40;Мягкая;2B;;В наличии;lenta-nerzhaveyuschaya-1-4x40-mm-aisi-409-myagkaya-2b.jpg
439;Лента нержавеющая 1.4x40 мм AISI 439 мягкая 2B;lenta-nerzhaveyuschaya-1-4x40-mm-aisi-439-myagkaya-2b;сам впишу;сам впишу;сам впишу;1.4;40;Мягкая;2B;;В наличии;lenta-nerzhaveyuschaya-1-4x40-mm-aisi-439-myagkaya-2b.jpg
201;Лента нержавеющая 1.4x43 мм AISI 201 мягкая 2B;lenta-nerzhaveyuschaya-1-4x43-mm-aisi-201-myagkaya-2b;сам впишу;сам впишу;сам впишу;1.4;43;Мягкая;2B;;В наличии;lenta-nerzhaveyuschaya-1-4x43-mm-aisi-201-myagkaya-2b.jpg
316L;Лента нержавеющая 1.5x100 мм AISI 316L мягкая 2B;lenta-nerzhaveyuschaya-1-5x100-mm-aisi-316l-myagkaya-2b;сам впишу;сам впишу;сам впишу;1.5;100;Мягкая;2B;;В наличии;lenta-nerzhaveyuschaya-1-5x100-mm-aisi-316l-myagkaya-2b.jpg
304;Лента нержавеющая 1.5x130 мм AISI 304 мягкая 2B;lenta-nerzhaveyuschaya-1-5x130-mm-aisi-304-myagkaya-2b;сам впишу;сам впишу;сам впишу;1.5;130;Мягкая;2B;;В наличии;lenta-nerzhaveyuschaya-1-5x130-mm-aisi-304-myagkaya-2b.jpg
304;Лента нержавеющая 1.5x138 мм AISI 304 мягкая 2B;lenta-nerzhaveyuschaya-1-5x138-mm-aisi-304-myagkaya-2b;сам впишу;сам впишу;сам впишу;1.5;138;Мягкая;2B;;В наличии;lenta-nerzhaveyuschaya-1-5x138-mm-aisi-304-myagkaya-2b.jpg
201;Лента нержавеющая 1.5x140 мм AISI 201 мягкая 2B;lenta-nerzhaveyuschaya-1-5x140-mm-aisi-201-myagkaya-2b;сам впишу;сам впишу;сам впишу;1.5;140;Мягкая;2B;;В наличии;lenta-nerzhaveyuschaya-1-5x140-mm-aisi-201-myagkaya-2b.jpg
304;Лента нержавеющая 1.5x140 мм AISI 304 нагартованная 2B;lenta-nerzhaveyuschaya-1-5x140-mm-aisi-304-nagartovannaya-2b;сам впишу;сам впишу;сам впишу;1.5;140;Высоконагартованная;2B;;В наличии;lenta-nerzhaveyuschaya-1-5x140-mm-aisi-304-nagartovannaya-2b.jpg
321;Лента нержавеющая 1.5x141 мм AISI 321 мягкая 2B;lenta-nerzhaveyuschaya-1-5x141-mm-aisi-321-myagkaya-2b;сам впишу;сам впишу;сам впишу;1.5;141;Мягкая;2B;;В наличии;lenta-nerzhaveyuschaya-1-5x141-mm-aisi-321-myagkaya-2b.jpg
304;Лента нержавеющая 1.5x146 мм AISI 304 мягкая 2B;lenta-nerzhaveyuschaya-1-5x146-mm-aisi-304-myagkaya-2b;сам впишу;сам впишу;сам впишу;1.5;146;Мягкая;2B;;В наличии;lenta-nerzhaveyuschaya-1-5x146-mm-aisi-304-myagkaya-2b.jpg
304;Лента нержавеющая 1.5x150 мм AISI 304 мягкая PE;lenta-nerzhaveyuschaya-1-5x150-mm-aisi-304-myagkaya-pe;сам впишу;сам впишу;сам впишу;1.5;150;Мягкая;PE;;В наличии;lenta-nerzhaveyuschaya-1-5x150-mm-aisi-304-myagkaya-pe.jpg
430;Лента нержавеющая 1.5x160 мм AISI 430 мягкая BA;lenta-nerzhaveyuschaya-1-5x160-mm-aisi-430-myagkaya-ba;сам впишу;сам впишу;сам впишу;1.5;160;Мягкая;BA;;В наличии;lenta-nerzhaveyuschaya-1-5x160-mm-aisi-430-myagkaya-ba.jpg
304;Лента нержавеющая 1.5x170 мм AISI 304 мягкая 2B;lenta-nerzhaveyuschaya-1-5x170-mm-aisi-304-myagkaya-2b;сам впишу;сам впишу;сам впишу;1.5;170;Мягкая;2B;;В наличии;lenta-nerzhaveyuschaya-1-5x170-mm-aisi-304-myagkaya-2b.jpg
304;Лента нержавеющая 1.5x18 мм AISI 304 мягкая 2B;lenta-nerzhaveyuschaya-1-5x18-mm-aisi-304-myagkaya-2b;сам впишу;сам впишу;сам впишу;1.5;18;Мягкая;2B;;В наличии;lenta-nerzhaveyuschaya-1-5x18-mm-aisi-304-myagkaya-2b.jpg
316L;Лента нержавеющая 1.5x190 мм AISI 316L мягкая 2B;lenta-nerzhaveyuschaya-1-5x190-mm-aisi-316l-myagkaya-2b;сам впишу;сам впишу;сам впишу;1.5;190;Мягкая;2B;;В наличии;lenta-nerzhaveyuschaya-1-5x190-mm-aisi-316l-myagkaya-2b.jpg
304;Лента нержавеющая 1.5x214 мм AISI 304 мягкая 2B;lenta-nerzhaveyuschaya-1-5x214-mm-aisi-304-myagkaya-2b;сам впишу;сам впишу;сам впишу;1.5;214;Мягкая;2B;;В наличии;lenta-nerzhaveyuschaya-1-5x214-mm-aisi-304-myagkaya-2b.jpg
430;Лента нержавеющая 1.5x230 мм AISI 430 мягкая PE;lenta-nerzhaveyuschaya-1-5x230-mm-aisi-430-myagkaya-pe;сам впишу;сам впишу;сам впишу;1.5;230;Мягкая;PE;;В наличии;lenta-nerzhaveyuschaya-1-5x230-mm-aisi-430-myagkaya-pe.jpg
304;Лента нержавеющая 1.5x240 мм AISI 304 мягкая 2B;lenta-nerzhaveyuschaya-1-5x240-mm-aisi-304-myagkaya-2b;сам впишу;сам впишу;сам впишу;1.5;240;Мягкая;2B;;В наличии;lenta-nerzhaveyuschaya-1-5x240-mm-aisi-304-myagkaya-2b.jpg
316L;Лента нержавеющая 1.5x240 мм AISI 316L мягкая 2B;lenta-nerzhaveyuschaya-1-5x240-mm-aisi-316l-myagkaya-2b;сам впишу;сам впишу;сам впишу;1.5;240;Мягкая;2B;;В наличии;lenta-nerzhaveyuschaya-1-5x240-mm-aisi-316l-myagkaya-2b.jpg
430;Лента нержавеющая 1.5x250 мм AISI 430 мягкая BA;lenta-nerzhaveyuschaya-1-5x250-mm-aisi-430-myagkaya-ba;сам впишу;сам впишу;сам впишу;1.5;250;Мягкая;BA;;В наличии;lenta-nerzhaveyuschaya-1-5x250-mm-aisi-430-myagkaya-ba.jpg
304;Лента нержавеющая 1.5x294 мм AISI 304 мягкая PE;lenta-nerzhaveyuschaya-1-5x294-mm-aisi-304-myagkaya-pe;сам впишу;сам впишу;сам впишу;1.5;294;Мягкая;PE;;В наличии;lenta-nerzhaveyuschaya-1-5x294-mm-aisi-304-myagkaya-pe.jpg
409;Лента нержавеющая 1.5x348 мм AISI 409 мягкая 2B;lenta-nerzhaveyuschaya-1-5x348-mm-aisi-409-myagkaya-2b;сам впишу;сам впишу;сам впишу;1.5;348;Мягкая;2B;;В наличии;lenta-nerzhaveyuschaya-1-5x348-mm-aisi-409-myagkaya-2b.jpg
321;Лента нержавеющая 1.5x36 мм AISI 321 мягкая 2B;lenta-nerzhaveyuschaya-1-5x36-mm-aisi-321-myagkaya-2b;сам впишу;сам впишу;сам впишу;1.5;36;Мягкая;2B;;В наличии;lenta-nerzhaveyuschaya-1-5x36-mm-aisi-321-myagkaya-2b.jpg
304;Лента нержавеющая 1.5x40 мм AISI 304 мягкая 2B;lenta-nerzhaveyuschaya-1-5x40-mm-aisi-304-myagkaya-2b;сам впишу;сам впишу;сам впишу;1.5;40;Мягкая;2B;;В наличии;lenta-nerzhaveyuschaya-1-5x40-mm-aisi-304-myagkaya-2b.jpg
316L;Лента нержавеющая 1.5x40 мм AISI 316L мягкая 2B;lenta-nerzhaveyuschaya-1-5x40-mm-aisi-316l-myagkaya-2b;сам впишу;сам впишу;сам впишу;1.5;40;Мягкая;2B;;В наличии;lenta-nerzhaveyuschaya-1-5x40-mm-aisi-316l-myagkaya-2b.jpg
430;Лента нержавеющая 1.5x40 мм AISI 430 мягкая 2B;lenta-nerzhaveyuschaya-1-5x40-mm-aisi-430-myagkaya-2b;сам впишу;сам впишу;сам впишу;1.5;40;Мягкая;2B;;В наличии;lenta-nerzhaveyuschaya-1-5x40-mm-aisi-430-myagkaya-2b.jpg
409;Лента нержавеющая 1.5x404 мм AISI 409 мягкая 2B;lenta-nerzhaveyuschaya-1-5x404-mm-aisi-409-myagkaya-2b;сам впишу;сам впишу;сам впишу;1.5;404;Мягкая;2B;;В наличии;lenta-nerzhaveyuschaya-1-5x404-mm-aisi-409-myagkaya-2b.jpg
321;Лента нержавеющая 1.5x440 мм AISI 321 мягкая 2B;lenta-nerzhaveyuschaya-1-5x440-mm-aisi-321-myagkaya-2b;сам впишу;сам впишу;сам впишу;1.5;440;Мягкая;2B;;В наличии;lenta-nerzhaveyuschaya-1-5x440-mm-aisi-321-myagkaya-2b.jpg
316L;Лента нержавеющая 1.5x50 мм AISI 316L мягкая 2B;lenta-nerzhaveyuschaya-1-5x50-mm-aisi-316l-myagkaya-2b;сам впишу;сам впишу;сам впишу;1.5;50;Мягкая;2B;;В наличии;lenta-nerzhaveyuschaya-1-5x50-mm-aisi-316l-myagkaya-2b.jpg
316L;Лента нержавеющая 1.5x52 мм AISI 316L мягкая 2B;lenta-nerzhaveyuschaya-1-5x52-mm-aisi-316l-myagkaya-2b;сам впишу;сам впишу;сам впишу;1.5;52;Мягкая;2B;;В наличии;lenta-nerzhaveyuschaya-1-5x52-mm-aisi-316l-myagkaya-2b.jpg
304;Лента нержавеющая 1.5x58 мм AISI 304 мягкая 2B;lenta-nerzhaveyuschaya-1-5x58-mm-aisi-304-myagkaya-2b;сам впишу;сам впишу;сам впишу;1.5;58;Мягкая;2B;;В наличии;lenta-nerzhaveyuschaya-1-5x58-mm-aisi-304-myagkaya-2b.jpg
304;Лента нержавеющая 1.5x70 мм AISI 304 мягкая 2B;lenta-nerzhaveyuschaya-1-5x70-mm-aisi-304-myagkaya-2b;сам впишу;сам впишу;сам впишу;1.5;70;Мягкая;2B;;В наличии;lenta-nerzhaveyuschaya-1-5x70-mm-aisi-304-myagkaya-2b.jpg
409;Лента нержавеющая 1.5x80 мм AISI 409 мягкая 2B;lenta-nerzhaveyuschaya-1-5x80-mm-aisi-409-myagkaya-2b;сам впишу;сам впишу;сам впишу;1.5;80;Мягкая;2B;;В наличии;lenta-nerzhaveyuschaya-1-5x80-mm-aisi-409-myagkaya-2b.jpg
316L;Лента нержавеющая 1.5x85 мм AISI 316L мягкая 2B;lenta-nerzhaveyuschaya-1-5x85-mm-aisi-316l-myagkaya-2b;сам впишу;сам впишу;сам впишу;1.5;85;Мягкая;2B;;В наличии;lenta-nerzhaveyuschaya-1-5x85-mm-aisi-316l-myagkaya-2b.jpg
304;Лента нержавеющая 1.5x90 мм AISI 304 мягкая 2B;lenta-nerzhaveyuschaya-1-5x90-mm-aisi-304-myagkaya-2b;сам впишу;сам впишу;сам впишу;1.5;90;Мягкая;2B;;В наличии;lenta-nerzhaveyuschaya-1-5x90-mm-aisi-304-myagkaya-2b.jpg
316L;Лента нержавеющая 1.5x90 мм AISI 316L мягкая 2B;lenta-nerzhaveyuschaya-1-5x90-mm-aisi-316l-myagkaya-2b;сам впишу;сам впишу;сам впишу;1.5;90;Мягкая;2B;;В наличии;lenta-nerzhaveyuschaya-1-5x90-mm-aisi-316l-myagkaya-2b.jpg
304;Лента нержавеющая 1.9x50 мм AISI 304 мягкая 2B;lenta-nerzhaveyuschaya-1-9x50-mm-aisi-304-myagkaya-2b;сам впишу;сам впишу;сам впишу;1.9;50;Мягкая;2B;;В наличии;lenta-nerzhaveyuschaya-1-9x50-mm-aisi-304-myagkaya-2b.jpg
304;Лента нержавеющая 2x10 мм AISI 304 мягкая 2B;lenta-nerzhaveyuschaya-2x10-mm-aisi-304-myagkaya-2b;сам впишу;сам впишу;сам впишу;2;10;Мягкая;2B;;В наличии;lenta-nerzhaveyuschaya-2x10-mm-aisi-304-myagkaya-2b.jpg
321;Лента нержавеющая 2x10 мм AISI 321 мягкая 2B;lenta-nerzhaveyuschaya-2x10-mm-aisi-321-myagkaya-2b;сам впишу;сам впишу;сам впишу;2;10;Мягкая;2B;;В наличии;lenta-nerzhaveyuschaya-2x10-mm-aisi-321-myagkaya-2b.jpg
304;Лента нержавеющая 2x104 мм AISI 304 мягкая 2B;lenta-nerzhaveyuschaya-2x104-mm-aisi-304-myagkaya-2b;сам впишу;сам впишу;сам впишу;2;104;Мягкая;2B;;В наличии;lenta-nerzhaveyuschaya-2x104-mm-aisi-304-myagkaya-2b.jpg
304;Лента нержавеющая 2x12 мм AISI 304 мягкая 2B;lenta-nerzhaveyuschaya-2x12-mm-aisi-304-myagkaya-2b;сам впишу;сам впишу;сам впишу;2;12;Мягкая;2B;;В наличии;lenta-nerzhaveyuschaya-2x12-mm-aisi-304-myagkaya-2b.jpg
304;Лента нержавеющая 2x20 мм AISI 304 мягкая 2B;lenta-nerzhaveyuschaya-2x20-mm-aisi-304-myagkaya-2b;сам впишу;сам впишу;сам впишу;2;20;Мягкая;2B;;В наличии;lenta-nerzhaveyuschaya-2x20-mm-aisi-304-myagkaya-2b.jpg
321;Лента нержавеющая 2x244 мм AISI 321 мягкая 2B;lenta-nerzhaveyuschaya-2x244-mm-aisi-321-myagkaya-2b;сам впишу;сам впишу;сам впишу;2;244;Мягкая;2B;;В наличии;lenta-nerzhaveyuschaya-2x244-mm-aisi-321-myagkaya-2b.jpg
304;Лента нержавеющая 2.0x100 мм AISI 304 мягкая PE;lenta-nerzhaveyuschaya-2-0x100-mm-aisi-304-myagkaya-pe;сам впишу;сам впишу;сам впишу;2.0;100;Мягкая;PE;;В наличии;lenta-nerzhaveyuschaya-2-0x100-mm-aisi-304-myagkaya-pe.jpg
316L;Лента нержавеющая 2.0x110 мм AISI 316L мягкая 2B;lenta-nerzhaveyuschaya-2-0x110-mm-aisi-316l-myagkaya-2b;сам впишу;сам впишу;сам впишу;2.0;110;Мягкая;2B;;В наличии;lenta-nerzhaveyuschaya-2-0x110-mm-aisi-316l-myagkaya-2b.jpg
201;Лента нержавеющая 2.0x119 мм AISI 201 мягкая 2B;lenta-nerzhaveyuschaya-2-0x119-mm-aisi-201-myagkaya-2b;сам впишу;сам впишу;сам впишу;2.0;119;Мягкая;2B;;В наличии;lenta-nerzhaveyuschaya-2-0x119-mm-aisi-201-myagkaya-2b.jpg
430;Лента нержавеющая 2.0x125 мм AISI 430 мягкая 2B;lenta-nerzhaveyuschaya-2-0x125-mm-aisi-430-myagkaya-2b;сам впишу;сам впишу;сам впишу;2.0;125;Мягкая;2B;;В наличии;lenta-nerzhaveyuschaya-2-0x125-mm-aisi-430-myagkaya-2b.jpg
316L;Лента нержавеющая 2.0x131 мм AISI 316L мягкая 2B;lenta-nerzhaveyuschaya-2-0x131-mm-aisi-316l-myagkaya-2b;сам впишу;сам впишу;сам впишу;2.0;131;Мягкая;2B;;В наличии;lenta-nerzhaveyuschaya-2-0x131-mm-aisi-316l-myagkaya-2b.jpg
201;Лента нержавеющая 2.0x170 мм AISI 201 мягкая 2B;lenta-nerzhaveyuschaya-2-0x170-mm-aisi-201-myagkaya-2b;сам впишу;сам впишу;сам впишу;2.0;170;Мягкая;2B;;В наличии;lenta-nerzhaveyuschaya-2-0x170-mm-aisi-201-myagkaya-2b.jpg
430;Лента нержавеющая 2.0x210 мм AISI 430 мягкая 2B;lenta-nerzhaveyuschaya-2-0x210-mm-aisi-430-myagkaya-2b;сам впишу;сам впишу;сам впишу;2.0;210;Мягкая;2B;;В наличии;lenta-nerzhaveyuschaya-2-0x210-mm-aisi-430-myagkaya-2b.jpg
304;Лента нержавеющая 2.0x240 мм AISI 304 мягкая 2B;lenta-nerzhaveyuschaya-2-0x240-mm-aisi-304-myagkaya-2b;сам впишу;сам впишу;сам впишу;2.0;240;Мягкая;2B;;В наличии;lenta-nerzhaveyuschaya-2-0x240-mm-aisi-304-myagkaya-2b.jpg
304;Лента нержавеющая 2.0x27 мм AISI 304 мягкая 2B;lenta-nerzhaveyuschaya-2-0x27-mm-aisi-304-myagkaya-2b;сам впишу;сам впишу;сам впишу;2.0;27;Мягкая;2B;;В наличии;lenta-nerzhaveyuschaya-2-0x27-mm-aisi-304-myagkaya-2b.jpg
430;Лента нержавеющая 2.0x280 мм AISI 430 мягкая 2B;lenta-nerzhaveyuschaya-2-0x280-mm-aisi-430-myagkaya-2b;сам впишу;сам впишу;сам впишу;2.0;280;Мягкая;2B;;В наличии;lenta-nerzhaveyuschaya-2-0x280-mm-aisi-430-myagkaya-2b.jpg
430;Лента нержавеющая 2.0x280 мм AISI 430 мягкая BA;lenta-nerzhaveyuschaya-2-0x280-mm-aisi-430-myagkaya-ba;сам впишу;сам впишу;сам впишу;2.0;280;Мягкая;BA;;В наличии;lenta-nerzhaveyuschaya-2-0x280-mm-aisi-430-myagkaya-ba.jpg
321;Лента нержавеющая 2.0x50 мм AISI 321 мягкая 2B;lenta-nerzhaveyuschaya-2-0x50-mm-aisi-321-myagkaya-2b;сам впишу;сам впишу;сам впишу;2.0;50;Мягкая;2B;;В наличии;lenta-nerzhaveyuschaya-2-0x50-mm-aisi-321-myagkaya-2b.jpg
430;Лента нержавеющая 2.0x50 мм AISI 430 мягкая 2B;lenta-nerzhaveyuschaya-2-0x50-mm-aisi-430-myagkaya-2b;сам впишу;сам впишу;сам впишу;2.0;50;Мягкая;2B;;В наличии;lenta-nerzhaveyuschaya-2-0x50-mm-aisi-430-myagkaya-2b.jpg
430;Лента нержавеющая 2.0x55 мм AISI 430 мягкая 2B;lenta-nerzhaveyuschaya-2-0x55-mm-aisi-430-myagkaya-2b;сам впишу;сам впишу;сам впишу;2.0;55;Мягкая;2B;;В наличии;lenta-nerzhaveyuschaya-2-0x55-mm-aisi-430-myagkaya-2b.jpg
316L;Лента нержавеющая 2.0x59 мм AISI 316L мягкая 2B;lenta-nerzhaveyuschaya-2-0x59-mm-aisi-316l-myagkaya-2b;сам впишу;сам впишу;сам впишу;2.0;59;Мягкая;2B;;В наличии;lenta-nerzhaveyuschaya-2-0x59-mm-aisi-316l-myagkaya-2b.jpg
430;Лента нержавеющая 2.0x60 мм AISI 430 мягкая 2B;lenta-nerzhaveyuschaya-2-0x60-mm-aisi-430-myagkaya-2b;сам впишу;сам впишу;сам впишу;2.0;60;Мягкая;2B;;В наличии;lenta-nerzhaveyuschaya-2-0x60-mm-aisi-430-myagkaya-2b.jpg
430;Лента нержавеющая 2.0x63 мм AISI 430 мягкая PE;lenta-nerzhaveyuschaya-2-0x63-mm-aisi-430-myagkaya-pe;сам впишу;сам впишу;сам впишу;2.0;63;Мягкая;PE;;В наличии;lenta-nerzhaveyuschaya-2-0x63-mm-aisi-430-myagkaya-pe.jpg
430;Лента нержавеющая 2.0x64 мм AISI 430 мягкая 2B;lenta-nerzhaveyuschaya-2-0x64-mm-aisi-430-myagkaya-2b;сам впишу;сам впишу;сам впишу;2.0;64;Мягкая;2B;;В наличии;lenta-nerzhaveyuschaya-2-0x64-mm-aisi-430-myagkaya-2b.jpg
430;Лента нержавеющая 2.0x66 мм AISI 430 мягкая 2B;lenta-nerzhaveyuschaya-2-0x66-mm-aisi-430-myagkaya-2b;сам впишу;сам впишу;сам впишу;2.0;66;Мягкая;2B;;В наличии;lenta-nerzhaveyuschaya-2-0x66-mm-aisi-430-myagkaya-2b.jpg
201;Лента нержавеющая 2.0x70 мм AISI 201 мягкая 2B;lenta-nerzhaveyuschaya-2-0x70-mm-aisi-201-myagkaya-2b;сам впишу;сам впишу;сам впишу;2.0;70;Мягкая;2B;;В наличии;lenta-nerzhaveyuschaya-2-0x70-mm-aisi-201-myagkaya-2b.jpg
430;Лента нержавеющая 2.0x70 мм AISI 430 мягкая 2B;lenta-nerzhaveyuschaya-2-0x70-mm-aisi-430-myagkaya-2b;сам впишу;сам впишу;сам впишу;2.0;70;Мягкая;2B;;В наличии;lenta-nerzhaveyuschaya-2-0x70-mm-aisi-430-myagkaya-2b.jpg
316L;Лента нержавеющая 2.0x80 мм AISI 316L мягкая 2B;lenta-nerzhaveyuschaya-2-0x80-mm-aisi-316l-myagkaya-2b;сам впишу;сам впишу;сам впишу;2.0;80;Мягкая;2B;;В наличии;lenta-nerzhaveyuschaya-2-0x80-mm-aisi-316l-myagkaya-2b.jpg
304;Лента нержавеющая 2.0x85 мм AISI 304 мягкая 2B;lenta-nerzhaveyuschaya-2-0x85-mm-aisi-304-myagkaya-2b;сам впишу;сам впишу;сам впишу;2.0;85;Мягкая;2B;;В наличии;lenta-nerzhaveyuschaya-2-0x85-mm-aisi-304-myagkaya-2b.jpg
304;Лента нержавеющая 2.0x90 мм AISI 304 мягкая 2B;lenta-nerzhaveyuschaya-2-0x90-mm-aisi-304-myagkaya-2b;сам впишу;сам впишу;сам впишу;2.0;90;Мягкая;2B;;В наличии;lenta-nerzhaveyuschaya-2-0x90-mm-aisi-304-myagkaya-2b.jpg
304;Лента нержавеющая 2.5x100 мм AISI 304 мягкая 2B;lenta-nerzhaveyuschaya-2-5x100-mm-aisi-304-myagkaya-2b;сам впишу;сам впишу;сам впишу;2.5;100;Мягкая;2B;;В наличии;lenta-nerzhaveyuschaya-2-5x100-mm-aisi-304-myagkaya-2b.jpg
316L;Лента нержавеющая 2.5x100 мм AISI 316L мягкая 2B;lenta-nerzhaveyuschaya-2-5x100-mm-aisi-316l-myagkaya-2b;сам впишу;сам впишу;сам впишу;2.5;100;Мягкая;2B;;В наличии;lenta-nerzhaveyuschaya-2-5x100-mm-aisi-316l-myagkaya-2b.jpg
304;Лента нержавеющая 2.5x110 мм AISI 304 мягкая 2B;lenta-nerzhaveyuschaya-2-5x110-mm-aisi-304-myagkaya-2b;сам впишу;сам впишу;сам впишу;2.5;110;Мягкая;2B;;В наличии;lenta-nerzhaveyuschaya-2-5x110-mm-aisi-304-myagkaya-2b.jpg
304;Лента нержавеющая 2.5x134 мм AISI 304 мягкая 2B;lenta-nerzhaveyuschaya-2-5x134-mm-aisi-304-myagkaya-2b;сам впишу;сам впишу;сам впишу;2.5;134;Мягкая;2B;;В наличии;lenta-nerzhaveyuschaya-2-5x134-mm-aisi-304-myagkaya-2b.jpg
316L;Лента нержавеющая 2.5x30 мм AISI 316L мягкая 2B;lenta-nerzhaveyuschaya-2-5x30-mm-aisi-316l-myagkaya-2b;сам впишу;сам впишу;сам впишу;2.5;30;Мягкая;2B;;В наличии;lenta-nerzhaveyuschaya-2-5x30-mm-aisi-316l-myagkaya-2b.jpg
321;Лента нержавеющая 2.5x33 мм AISI 321 мягкая 2B;lenta-nerzhaveyuschaya-2-5x33-mm-aisi-321-myagkaya-2b;сам впишу;сам впишу;сам впишу;2.5;33;Мягкая;2B;;В наличии;lenta-nerzhaveyuschaya-2-5x33-mm-aisi-321-myagkaya-2b.jpg
316L;Лента нержавеющая 2.5x40 мм AISI 316L мягкая 2B;lenta-nerzhaveyuschaya-2-5x40-mm-aisi-316l-myagkaya-2b;сам впишу;сам впишу;сам впишу;2.5;40;Мягкая;2B;;В наличии;lenta-nerzhaveyuschaya-2-5x40-mm-aisi-316l-myagkaya-2b.jpg
201;Лента нержавеющая 2.5x70 мм AISI 201 мягкая 2B;lenta-nerzhaveyuschaya-2-5x70-mm-aisi-201-myagkaya-2b;сам впишу;сам впишу;сам впишу;2.5;70;Мягкая;2B;;В наличии;lenta-nerzhaveyuschaya-2-5x70-mm-aisi-201-myagkaya-2b.jpg
409;Лента нержавеющая 2.8x60 мм AISI 409 мягкая 2B;lenta-nerzhaveyuschaya-2-8x60-mm-aisi-409-myagkaya-2b;сам впишу;сам впишу;сам впишу;2.8;60;Мягкая;2B;;В наличии;lenta-nerzhaveyuschaya-2-8x60-mm-aisi-409-myagkaya-2b.jpg
409;Лента нержавеющая 2.9x40 мм AISI 409 мягкая 2B;lenta-nerzhaveyuschaya-2-9x40-mm-aisi-409-myagkaya-2b;сам впишу;сам впишу;сам впишу;2.9;40;Мягкая;2B;;В наличии;lenta-nerzhaveyuschaya-2-9x40-mm-aisi-409-myagkaya-2b.jpg
304;Лента нержавеющая 3.0x130 мм AISI 304 мягкая 2B;lenta-nerzhaveyuschaya-3-0x130-mm-aisi-304-myagkaya-2b;сам впишу;сам впишу;сам впишу;3.0;130;Мягкая;2B;;В наличии;lenta-nerzhaveyuschaya-3-0x130-mm-aisi-304-myagkaya-2b.jpg
304;Лента нержавеющая 3.0x140 мм AISI 304 мягкая 2B;lenta-nerzhaveyuschaya-3-0x140-mm-aisi-304-myagkaya-2b;сам впишу;сам впишу;сам впишу;3.0;140;Мягкая;2B;;В наличии;lenta-nerzhaveyuschaya-3-0x140-mm-aisi-304-myagkaya-2b.jpg
430;Лента нержавеющая 3.0x152 мм AISI 430 мягкая 2B;lenta-nerzhaveyuschaya-3-0x152-mm-aisi-430-myagkaya-2b;сам впишу;сам впишу;сам впишу;3.0;152;Мягкая;2B;;В наличии;lenta-nerzhaveyuschaya-3-0x152-mm-aisi-430-myagkaya-2b.jpg
321;Лента нержавеющая 3.0x565 мм AISI 321 мягкая 2B;lenta-nerzhaveyuschaya-3-0x565-mm-aisi-321-myagkaya-2b;сам впишу;сам впишу;сам впишу;3.0;565;Мягкая;2B;;В наличии;lenta-nerzhaveyuschaya-3-0x565-mm-aisi-321-myagkaya-2b.jpg
409;Лента нержавеющая 3.0x60 мм AISI 409 мягкая 2B;lenta-nerzhaveyuschaya-3-0x60-mm-aisi-409-myagkaya-2b;сам впишу;сам впишу;сам впишу;3.0;60;Мягкая;2B;;В наличии;lenta-nerzhaveyuschaya-3-0x60-mm-aisi-409-myagkaya-2b.jpg
201;Лента нержавеющая 3.0x70 мм AISI 201 мягкая 2B;lenta-nerzhaveyuschaya-3-0x70-mm-aisi-201-myagkaya-2b;сам впишу;сам впишу;сам впишу;3.0;70;Мягкая;2B;;В наличии;lenta-nerzhaveyuschaya-3-0x70-mm-aisi-201-myagkaya-2b.jpg
409;Лента нержавеющая 3.0x70 мм AISI 409 мягкая 2B;lenta-nerzhaveyuschaya-3-0x70-mm-aisi-409-myagkaya-2b;сам впишу;сам впишу;сам впишу;3.0;70;Мягкая;2B;;В наличии;lenta-nerzhaveyuschaya-3-0x70-mm-aisi-409-myagkaya-2b.jpg
321;Лента нержавеющая 3.0x725 мм AISI 321 мягкая 2B;lenta-nerzhaveyuschaya-3-0x725-mm-aisi-321-myagkaya-2b;сам впишу;сам впишу;сам впишу;3.0;725;Мягкая;2B;;В наличии;lenta-nerzhaveyuschaya-3-0x725-mm-aisi-321-myagkaya-2b.jpg
409;Лента нержавеющая 3.0x77 мм AISI 409 мягкая 2B;lenta-nerzhaveyuschaya-3-0x77-mm-aisi-409-myagkaya-2b;сам впишу;сам впишу;сам впишу;3.0;77;Мягкая;2B;;В наличии;lenta-nerzhaveyuschaya-3-0x77-mm-aisi-409-myagkaya-2b.jpg
304;Лента нержавеющая 3.0x90 мм AISI 304 мягкая 2B;lenta-nerzhaveyuschaya-3-0x90-mm-aisi-304-myagkaya-2b;сам впишу;сам впишу;сам впишу;3.0;90;Мягкая;2B;;В наличии;lenta-nerzhaveyuschaya-3-0x90-mm-aisi-304-myagkaya-2b.jpg
201;Лента нержавеющая 3.0x90.2 мм AISI 201 мягкая 2B;lenta-nerzhaveyuschaya-3-0x90-2-mm-aisi-201-myagkaya-2b;сам впишу;сам впишу;сам впишу;3.0;90.2;Мягкая;2B;;В наличии;lenta-nerzhaveyuschaya-3-0x90-2-mm-aisi-201-myagkaya-2b.jpg
